Index,Structure,MW,#Atoms,SlogP,TPSA,Flexibility,#RB,HBA,HBD,Rof5,LF Rank Score,LF dG,LF VSscore,LF LE,Unnamed: 15,Unnamed: 16
434,Clc1ccccc1Cn2c(cc(n2)C(=O)NCc3cnccc3)-c4ccc(F)cc4,420.9,30,5,59.8,4.3,6,5,1,1,-7.34093456025419,-0.095039749178639,-13.0744238197053,-0.350033044575886,,Column A - Index = Molecule Number
98,Clc1c(nn(c1-c2ccc(F)cc2)-c3cccc(Cl)c3)C(=O)NCc4cnccc4,441.3,30,5.6,59.8,2.5,5,5,1,1,-8.6700927125803,0.0535304576208677,-13.5540739771077,-0.330093240435948,,Yellow columns B & K = not required
788,FC(F)(F)c1ccccc1NC(=O)c2c(n(nn2)-c3ccc4c(c(on4)-c5ccccc5)c3)C,463.4,34,5.1,85.8,0.8,5,7,1,1,-12.8000607199887,-7.84872462156316,-13.0342532299136,-0.307337330007241,,Green columns = required for analysis
254,Clc1c(nn(Cc2ccccc2F)c1-c3ccccc3)C(=O)NCc4cnccc4,420.9,30,5,59.8,4.3,6,5,1,1,-7.23903380767611,0.437465033867346,-12.2440115899905,-0.329179870719396,,Columns C-J are independent properties of the CORRESPONDING Molecule No. listed in column A
302,Clc1c(nn(c1-c2cc(Cl)ccc2Cl)CCO)C(=O)NCc3cnccc3,425.7,27,4.3,80,5.3,7,6,2,0,-9.60890228115476,-3.72534831204289,-11.0502946078764,-0.203119706878818,,
378,Fc1ccc(Cn2c(-c3cccc4ccccc43)cc(n2)C(=O)NCc5cnccc5)cc1,436.5,33,5.5,59.8,4.3,6,5,1,1,-7.76524173215231,-1.81987351633411,-15.7446411056166,-0.373001383906635,,Columns L-O are results 
394,Fc1ccccc1Cn2c(cc(n2)C(=O)NCc3cnccc3)-c4cccc([N+]([O-])=O)c4,431.4,32,4.2,105.6,4.5,7,8,1,0,-12.96502329573,-10.5949728177717,-10.1567865827289,-0.258986661677092,,
728,Fc1ccc(Cn2c(-c3cccc(OC)c3)cc(n2)C(=O)NCc4cnccc4)cc1,416.5,31,4.3,69,4.8,7,6,1,0,-6.85618480018176,-4.59401226062059,-11.2933782595867,-0.296094560576794,,Analysis - whether column L data depend upon sum of columns C-J data
688,O=C(Nc1cccc2c1cccn2)c3cc([nH]n3)-c4cscc4,320.4,23,3.9,70.7,0.6,3,5,2,0,-1.65571039342765,3.19987610660244,-1.88352881414409,-0.16485207666723,,Analysis - whether column M data depend upon sum of columns C-J data
252,Clc1c(nn(Cc2ccc(F)cc2)c1-c3ccccc3)C(=O)NCc4cnccc4,420.9,30,5,59.8,4.3,6,5,1,1,-7.2257943370516,0.45138199763394,-12.3828677142556,-0.336771358370497,,Analysis - whether column N data depend upon sum of columns C-J data
270,Clc1c(n(nc1C(=O)NCc2cnccc2)Cc3ccc(F)cc3)-c4ccc(F)cc4,438.9,31,5.4,59.8,4.3,6,5,1,1,-8.43304816225882,-0.870668476522264,-14.4968902180777,-0.347990038821466,,Analysis - whether column O data depend upon sum of columns C-J data
84,Clc1c(nn(Cc2ccccc2F)c1-c3ccc(F)cc3)C(=O)NCc4cnccc4,438.9,31,5.4,59.8,4.3,6,5,1,1,-7.54625273411369,-0.60330472964686,-14.3761435470776,-0.361572298039548,,
374,Clc1c(Cl)ccc(N2C(O)=CC(=O)C(=N2)C(=O)Nc3ccncc3)c1,377.2,25,3.2,94.9,1.3,4,7,2,0,-8.6330641934554,-4.5022391929029,-3.39731369674484,-0.110537380695503,,Column K is not important and ignore
172,Clc1c(nn(Cc2cccc(c2)C)c1-c3ccc(F)cc3)C(=O)NCc4cnccc4,434.9,31,5.3,59.8,4.3,6,5,1,1,-7.54091661935094,-1.01396600629964,-14.6367174580081,-0.359075631875562,,Column B is not important and ignore
794,Clc1c(nn(c1-c2cc(Cl)ccc2Cl)C)C(=O)NCCc3nn4cnnc4s3,456.7,28,3.6,90,3.3,5,8,1,0,-12.7513330935084,-9.6115844887688,-7.76330563783914,-0.122972116532503,,
742,Fc1ccc(c(c1)C)-c2nc(c3ccccn32)C(=O)NCc4cnccc4,360.4,27,4,59.3,2.3,4,5,1,0,-1.67623879137395,0.250058526444535,-4.70320604090455,-0.198783616001375,,MW = Molecular weight of molecule
198,Clc1c(nn(c1-c2cccc([N+]([O-])=O)c2)CCO)C(=O)NCc3cnccc3,401.8,28,2.8,125.9,5.5,8,9,2,0,-15.2459940665347,-11.9960856554442,-7.39395104562918,-0.188490480150232,,#Atoms = Number of atoms in molecule
450,Clc1c(nn(c1-c2ccc(F)cc2)-c3ccc(Cl)cc3)C(=O)NCc4cnccc4,441.3,30,5.6,59.8,2.5,5,5,1,1,-8.90840847248869,0.176825296917652,-13.127837953608,-0.337799258809078,,SlogP = Water solubility of molecule
448,Fc1ccc(Cn2c(cc(n2)C(=O)NCc3cnccc3)-c4cccc([N+]([O-])=O)c4)cc1,431.4,32,4.2,105.6,4.5,7,8,1,0,-13.1684459698961,-11.031089137603,-9.64272354839525,-0.263448706537387,,TPSA = Total polar surface area of molecule
354,Clc1c(nn(c1-c2ccc(F)cc2)-c3ccccc3)C(=O)NCc4cnccc4,406.8,29,5,59.8,2.5,5,5,1,0,-5.49544456684079,-0.624832517072273,-9.55109506943843,-0.238596624366297,,Flexibility = Conformational flexibility of molecule
236,Clc1cccc(F)c1COc2c(non2)C(=O)Nc3ccc4c[nH]nc4c3,387.8,27,3.3,105.9,3,5,8,2,0,-10.2967434145776,-8.43486800057549,-6.05528885063877,-0.155597963700785,,#RB = Number of rotatable bonds in molecule
344,Clc1cccc(N2C(O)=CC(=O)C(=N2)C(=O)Nc3ccncc3)c1C,356.8,25,2.8,94.9,1.3,4,7,2,0,-6.5858384656882,-4.76655158957111,-2.40379773048683,-0.118019169117549,,HBA = Hydrogen bond acceptor in molecule
568,Fc1ccc2c(c(n[nH]2)C(=O)Nc3ccc4c[nH]nc4c3)c1,295.3,22,3.1,86.5,0.5,2,6,3,0,-0.839486486147425,-0.114948803719106,0.028847860469476,-0.150442486511011,,HBD = Hydogen bond donor in molecule
430,Clc1c(nn(Cc2ccc(F)cc2)c1C)C(=O)NCc3cnccc3,358.8,25,3.7,59.8,4.3,5,5,1,0,-2.23571679983227,1.1819234119892,-4.76187690022265,-0.177198208306724,,
276,Clc1c(nn(Cc2ccc(C)cc2)c1-c3ccc(F)cc3)C(=O)NCc4cnccc4,434.9,31,5.3,59.8,4.3,6,5,1,1,-7.93013353029915,-0.908779701301345,-14.2776573349594,-0.347416959350649,,Rof5 = Rule of 5
498,Clc1c(nn(Cc2cccc(c2)C)c1-c3ccc(F)cc3)C(=O)Nc4ccc5c[nH]nc5c4,459.9,33,6.1,75.6,2.5,5,6,2,1,-10.3196660412802,-4.3291151616065,-17.0326459556423,-0.374547011726954,,
2,Fc1c(-c2ccc=3c(c2)=C(NN3)C(=O)Nc4ccncc4)cccn1,332.3,25,2.5,79.6,0.5,2,6,1,0,-1.92032882060748,-3.05582302749403,0.797030016736878,-0.0815130950076781,,"LF Rank score, LF dG, LF VS score, and LF LE are results of molecules that how good they bind with the disease target protein. More negative value means superior molecule in term of binding with the target protein"
372,Clc1cc(N2C(O)=CC(=O)C(=N2)C(=O)Nc3ccncc3)ccc1C,356.8,25,2.8,94.9,1.3,4,7,2,0,-7.01225606313458,-4.89474492791662,-1.41183706393644,-0.11446651926646,,
158,Fc1ccc(-c2c(nc(s2)-n3cccc3)C(=O)Nc4ccncc4)cc1,364.4,26,4.7,59.8,0.8,4,5,1,0,-3.72308339385207,1.46964922613874,-4.64242467707178,-0.229754952855553,,
732,Fc1cccc(NC(=O)c2c3ccccn3c(n2)C(=O)NCc4cnccc4)c1,389.4,29,3.3,88.4,2.8,5,7,2,0,-7.01730028971994,-7.02504556677522,-7.89114988511748,-0.197143910089566,,
210,Fc1ccccc1COc2c(non2)C(=O)Nc3ccc4c[nH]nc4c3,353.3,26,2.6,105.9,3,5,8,2,0,-8.43878753624105,-7.24329017009196,-3.39688093753487,-0.132265898624589,,
618,Clc1c(nn(CCOC(=O)C)c1-c2ccc(F)cc2)C(=O)NCc3cnccc3,416.8,29,3.5,86.1,5.3,7,7,1,0,-10.086019967004,-7.66908888083212,-8.47202400042168,-0.194238673010352,,
438,Clc1cccc(F)c1COc2c(non2)C(=O)Nc3ccc4c(nc[nH]4)c3,387.8,27,3.3,105.9,3,5,8,2,0,-10.4244727157476,-8.17669153288711,-4.9952937341061,-0.161466295631582,,
156,Fc1ccc(-c2c(nc(s2)C)C(=O)Nc3cccc4c3cccn4)cc1,363.4,26,5.3,54.9,0.5,3,4,1,1,-2.91142021449522,5.67470225739975,-5.94551066088349,-0.310196256752567,,
746,Clc1cc(NC(=O)c2csc(n2)Cc3ccc(OC)cc3)ccn1,359.8,24,4.1,64.1,3,5,5,1,0,-4.01762694120246,2.54544282928904,-4.30343619742022,-0.178103856494049,,
772,Clc1c(nn(c1-c2cccc([N+]([O-])=O)c2)-c3ccccc3)C(=O)NCCc4nn5cnnc5s4,494.9,34,3.6,135.8,3.8,7,11,1,1,-22.718394306747,-19.0462277537839,-11.4855684995397,-0.232933319865794,,
326,Fc1c(ccc(NC(=O)c2c(OCc3cnnn3Cc4ccccc4)non2)c1)C,408.4,30,2.7,108,5,7,9,1,0,-12.2726511439325,-12.4804279019122,-6.29769211366192,-0.164936538566164,,
622,Clc1c(nn(Cc2ccccc2F)c1-c3ccccc3)C(=O)Nc4ccc5c[nH]nc5c4,445.9,32,5.8,75.6,2.5,5,6,2,1,-10.4251544439235,-3.85046008028868,-15.8121337402833,-0.371074181841546,,
290,Fc1c(F)c(F)ccc1-c2nc(c3ccccn23)C(=O)NCc4cnccc4,382.3,28,4.6,59.3,2.3,4,5,1,0,-2.98004668628083,-0.387584543407154,-7.26168524853943,-0.227212302345617,,
110,Clc1c(nn(Cc2ccccc2)c1-c3ccc(F)cc3)C(=O)NCc4cnccc4,420.9,30,5,59.8,4.3,6,5,1,1,-7.8885587035076,-0.278668915803531,-12.4307766073492,-0.341368282098144,,
296,Fc1cccc(NC(=O)c2c(OCc3cnnn3Cc4ccccc4)non2)c1,394.4,29,2.4,108,5,7,9,1,0,-11.1093888377186,-11.7880623413844,-5.70799852135742,-0.154974196840895,,
414,Fc1ccc(-c2c(nc(s2)-n3cccc3)C(=O)Nc4cccc5c4cccn5)cc1,414.5,30,5.8,59.8,0.8,4,5,1,1,-7.42420341003149,1.03152430760145,-11.3531161673781,-0.362100108647832,,
590,Brc1ccc(s1)-c2cc(n[nH]2)C(=O)Nc3cccc4c3cccn4,399.3,24,4.8,70.7,0.6,3,5,2,0,-6.81399494484147,1.00498726793883,-5.71739557486872,-0.142059195745656,,
518,Clc1c(nn(Cc2ccc(C)cc2)c1-c3ccc(F)cc3)C(=O)Nc4ccc5c[nH]nc5c4,459.9,33,6.1,75.6,2.5,5,6,2,1,-10.8549736543348,-4.5576543508811,-17.2494378161922,-0.390841616909531,,
122,O=C(NCCc1nc(-c2ccc(OC)cc2)cs1)c3c(OCc4c(onc4C)C)non3,455.5,32,2.2,125.4,6.3,9,10,1,0,-17.7418312664007,-17.8909850013718,-9.36889608731432,-0.178277760465698,,
744,O=C(Nc1ccnc(c1)C)c2csc(n2)Cc3ccc(OC)cc3,339.4,24,3.7,64.1,3,5,5,1,0,-2.99481422646041,2.82004417821747,-2.44341547885388,-0.195580678332107,,
428,Clc1c(nn(Cc2ccc(F)cc2)c1CC)C(=O)NCc3cnccc3,372.8,26,3.9,59.8,5.3,6,5,1,0,-3.44653609167428,0.334171624436541,-7.24619940237703,-0.220210092920676,,
380,O=C(NCc1cnccc1)c2c(sc(n2)-c3cccc(NC(=O)C)c3)C,366.4,26,3.4,84,2.5,5,6,2,0,-5.64697400388905,-2.41586672597695,-5.16153232313376,-0.180655562486401,,
710,O=C(Nc1cccc(SC)c1)c2c3Cc4cc(OC)c(OC)cc4-c3n(n2)C,395.5,28,4,65.4,2.5,5,6,1,0,-5.77915669790496,-2.37120491878675,-6.96738871107983,-0.209359032411109,,
602,Fc1ccccc1Cn2c(cc(n2)C(=O)Nc3ccc4c[nH]nc4c3)-c5cccc([N+]([O-])=O)c5,456.4,34,5,121.4,2.8,6,9,2,1,-16.9739460611627,-12.5971687792343,-14.4798731646498,-0.332604021739137,,
332,O=C(NCc1cnccc1)c2c(nc(s2)CCc3ccncc3)C,338.4,24,3,67.8,5.3,6,5,1,0,-2.69525714811309,1.04542828306394,-3.73153670853878,-0.182988024217207,,
620,Clc1c(nn(Cc2ccc(F)cc2)c1-c3ccccc3)C(=O)Nc4ccc5c[nH]nc5c4,445.9,32,5.8,75.6,2.5,5,6,2,1,-9.66531007049393,-3.48001716634419,-15.9047235861853,-0.372747559255698,,
724,FC(F)(F)c1nc2cc(NC(=O)c3c4c([nH]n3)-c5cccc(OC)c5CC4)ccc2[nH]1,427.4,31,4.3,95.7,1.2,4,7,3,0,-9.6391651772261,-10.6599857576867,-11.9042424123077,-0.226556950843734,,
400,O=C(NCCc1nc(-c2ccc(OC)cc2)cs1)c3c(OCc4cnnn4Cc5ccccc5)non3,517.6,37,2.8,130.1,8.3,11,11,1,2,-24.4977463018186,-19.7592582090778,-18.4168316707028,-0.348428966894951,,
154,Fc1ccc(-c2cc(n[nH]2)C(=O)Nc3cccc4c3cccn4)cc1,332.3,25,4.3,70.7,0.5,3,5,2,0,-1.55837285573584,1.86543248404629,-3.42282305421393,-0.214579608281184,,
244,Clc1c(n(nc1C(=O)NCc2cnccc2)C)-c3ccc(F)cc3,344.8,24,3.5,59.8,2.3,4,5,1,0,-2.81788276206963,2.47520567096192,-2.43959472829216,-0.14166536898647,,
170,Clc1cccc(F)c1COc2c(non2)C(=O)NCc3cnccc3,362.7,25,2.5,90.1,4.8,6,7,1,0,-7.11529058368715,-5.0259625638145,-2.68028463602845,-0.117316637889756,,
246,Brc1c(n(nc1C(=O)NCc2cnccc2)C)-c3ccc(F)cc3,389.2,24,3.7,59.8,2.3,4,5,1,0,-4.5947013473273,0.419078201811483,-3.74473986461775,-0.118617642391547,,
392,Fc1ccc(OC)c(-c2cc(nn2C)C(=O)Nc3ccnc(c3)C)c1,340.4,25,3.5,69,1,4,6,1,0,-3.35553015664073,0.24275784474856,-2.13579617390995,-0.180629790725777,,
614,Brc1c(nn(c1-c2ccc(F)cc2)CCO)C(=O)NCc3cnccc3,419.3,26,3.5,80,5.3,7,6,2,0,-8.67655883905519,-4.04578471205765,-9.36985235738105,-0.171392675500431,,
704,O=S(=O)(N(C)C)c1c(C)ccc(c1)-c2nc(c3ccccn32)C(=O)NCc4cnccc4,449.5,32,2.9,96.7,4.3,6,8,1,0,-11.3103995354678,-13.2141468616756,-9.65413338078455,-0.156183947876651,,
508,Clc1c(nn(Cc2ccccc2F)c1-c3ccc(F)cc3)C(=O)Nc4ccc5c[nH]nc5c4,463.9,33,6.2,75.6,2.5,5,6,2,1,-10.7316718860654,-4.34375326020172,-17.2478646692994,-0.377274737186392,,
292,Fc1c(F)ccc(-c2c(C(=O)NCc3cnccc3)cno2)c1,315.3,23,2.9,68,2.3,4,5,1,0,-1.72398340136021,2.08133026361871,0.86845826108144,-0.14419402992352,,
46,Fc1ccc2c(c(n[nH]2)C(=O)Nc3ccnc(c3)C)c1,270.3,20,2.9,70.7,0.5,2,5,2,0,0.862034609592625,4.21063184112959,4.03393868758186,-0.115279087415702,,
342,OC1=CC(=O)C(=NN1c2cccc(c2C)C)C(=O)Nc3ccncc3,336.3,25,2.4,94.9,1.3,4,7,2,0,-5.82319947465501,-4.58709412048663,-1.03475557663469,-0.12294182659683,,
638,O=C(Nc1ccccc1C[NH3+])c2c3ccccc3[nH]n2,267.3,20,2.3,85.4,1.5,3,5,5,0,2.16661434557375,1.86866779995728,-0.7825873625415,-0.124591356535065,,
492,Clc1c(n(nc1C(=O)NCCc2nn3cnnc3s2)C)-c4cccc([N+]([O-])=O)c4,432.8,29,2.1,135.8,3.5,6,11,1,1,-18.9908431937641,-15.6169630969214,-5.24461959646024,-0.115732574624175,,
472,Fc1ccc(-c2cc(n[nH]2)C(=O)Nc3cccc4c3oc(n4)C)cc1C,350.4,26,3.9,83.8,0.5,3,6,2,0,-4.2657931599149,-2.17000344827599,-4.12417138172855,-0.167065208735286,,
396,Fc1ccc(F)c(-c2cc(nn2C)C(=O)Nc3ccnc(c3)C)c1,328.3,24,3.9,59.8,0.5,3,5,1,0,-1.47148058524402,3.05299277096611,-0.471844845699027,-0.182341166753884,,
126,Fc1ccc2c(c(n[nH]2)C(=O)Nc3cccc(N)c3)c1,270.3,20,2.8,83.8,0.5,2,5,4,0,1.22981275756206,2.90511620834526,0.131571313198211,-0.125017736099596,,
426,Clc1c(nn(c1C(C)C)Cc2ccc(F)cc2)C(=O)NCc3cnccc3,386.9,27,4.5,59.8,5.3,6,5,1,0,-4.46472238786463,0.119137340101483,-9.43050896182691,-0.241559495925938,,
32,Fc1ccc2c(c(n[nH]2)C(=O)Nc3ccncc3)c1,256.2,19,2.6,70.7,0.5,2,5,2,0,1.53354018004137,5.80355304487801,4.98692967086685,-0.111164889056914,,
440,FC(F)(F)c1ccccc1NC(=O)c2c3ccccn3c(n2)C(=O)NCc4cnccc4,439.4,32,3.9,88.4,2.8,6,7,2,0,-10.2719375720401,-9.41603508026227,-11.976524678865,-0.217047704756382,,
324,Clc1ccc(C(=O)Nc2c(nnn2-c3ccc(-c4nc5ccc(cc5s4)C)cc3)C#N)cn1,471.9,33,5.1,109.4,0.8,4,8,1,1,-16.3243349787627,-10.8354021859928,-11.6200110690438,-0.255281406734027,,
510,Clc1c(nn(c1-c2ccc(F)cc2)-c3cccc(Cl)c3)C(=O)Nc4ccc5c[nH]nc5c4,466.3,32,6.4,75.6,0.8,4,6,2,1,-12.1582364846262,-3.76336095949848,-16.2144056057859,-0.362015715881473,,
610,Clc1c(nn(c1-c2ccc(F)cc2)Cc3ccc(F)cc3)C(=O)Nc4ccc5c[nH]nc5c4,463.9,33,6.2,75.6,2.5,5,6,2,1,-10.8801924445189,-4.27604931889491,-17.6756482899989,-0.389911732166464,,
410,Fc1ccccc1COc2c(non2)C(=O)Nc3ccc4c(nc[nH]4)c3,353.3,26,2.6,105.9,3,5,8,2,0,-8.11401411983817,-7.55130462152302,-3.35308564223318,-0.140368695364153,,
634,Clc1c(nn(c1C)Cc2ccc(F)cc2)C(=O)Nc3ccc4c[nH]nc4c3,383.8,27,4.5,75.6,2.5,4,6,2,0,-5.80950590847829,-2.48056307504869,-7.69965474398156,-0.235628080042688,,
630,Clc1c(nn(c1CC)Cc2ccc(F)cc2)C(=O)Nc3ccc4c[nH]nc4c3,397.8,28,4.7,75.6,3.5,5,6,2,0,-6.9402166640269,-3.32052675692475,-10.4142122275725,-0.253955374198343,,
480,Fc1cccc(-c2cc(n[nH]2)C(=O)Nc3ccnc(c3)C)c1,296.3,22,3.4,70.7,0.5,3,5,2,0,-0.517169833752328,3.75262683281765,0.367592201446278,-0.160356771107966,,
222,Fc1ccccc1COc2c(non2)C(=O)NCc3cnccc3,328.3,24,1.8,90.1,4.8,6,7,1,0,-5.08704422479385,-4.06980787537273,0.257202721716658,-0.134401328274596,,
412,Fc1ccccc1COc2c(non2)C(=O)NCCc3nc(-c4ccc(OC)cc4)cs3,454.5,32,3.6,99.4,6.3,9,8,1,0,-14.0110525595254,-10.9003956391227,-12.9147694086092,-0.244717230988887,,
318,O=C(Nc1c(nnn1-c2ccc(-c3nc4ccc(cc4s3)C)cc2)C#N)c5cnccc5,437.5,32,4.4,109.4,0.8,4,8,1,0,-13.4438411390353,-11.6261138598629,-7.89084576067478,-0.183117819914477,,
752,Clc1c(nn(Cc2ccccc2F)c1C)C(=O)Nc3ccc4c[nH]nc4c3,383.8,27,4.5,75.6,2.5,4,6,2,0,-5.62098877928777,-2.33807235732523,-8.1171350718073,-0.223169737707795,,
40,Fc1cccc(NC(=O)c2c(OCc3c(onc3C)C)non2)c1,332.3,24,1.8,103.3,3,5,8,1,0,-7.0096878965604,-6.0163946179448,1.67601103796831,-0.078787586418136,,
166,Fc1cccc(-c2cc(n[nH]2)C(=O)Nc3ccncc3[N+]([O-])=O)c1,327.3,24,3,116.5,0.8,4,8,2,0,-8.61941259683925,-5.32092966921412,0.456285041890123,-0.132548966827214,,
576,O=S(=O)(N(C)C)c1ccc(-c2nc(c3ccccn32)C(=O)NCc4cnccc4)cc1,435.5,31,2.6,96.7,4.3,6,8,1,0,-10.7695559881699,-12.6242386952055,-7.54242351985291,-0.118491673518589,,
308,Clc1c(nn(Cc2ccccc2)c1-c3ccc(F)cc3)C(=O)Nc4ccc5c[nH]nc5c4,445.9,32,5.8,75.6,2.5,5,6,2,1,-9.92900012917579,-3.69733053280517,-15.8332788906216,-0.382363261916071,,
754,Clc1c(nn(Cc2ccccc2F)c1CC)C(=O)Nc3ccc4c[nH]nc4c3,397.8,28,4.7,75.6,3.5,5,6,2,0,-6.9531139737125,-3.02849230713553,-9.95063897230252,-0.243720042135637,,
516,FC(F)(F)c1cccc(N2C(=CC(=O)C(=N2)C(=O)Nc3ccncc3)C)c1,374.3,27,3.3,74.7,0.8,4,6,1,0,-5.26670689282594,-2.99988289798015,-3.28731104529728,-0.133643577739361,,
232,FC(F)(F)c1ccccc1NC(=O)c2c3Cc4cc(OC)c(OC)cc4-c3n(n2)C,417.4,30,4.3,65.4,1.5,5,6,1,0,-7.03584232474479,-4.54316455008125,-8.62936360124316,-0.223690566373046,,
648,Fc1cc(F)cc(-n2c(-n3cccc3)c(C(=O)Nc4ccncc4)cn2)c1,365.3,27,4.1,64.7,1,4,6,1,0,-4.22995460462069,-0.846666954309611,-4.36389744504781,-0.21242877215177,,
80,Fc1ccc(-c2c(nc(s2)C)C(=O)Nc3ccncc3)cc1,313.3,22,4.2,54.9,0.5,3,4,1,0,-0.0355504909471076,7.10194619594888,0.0797563927789033,-0.183284196225769,,
690,Fc1ccc(-c2c(nc(s2)C)C(=O)NCc3c(onc3C)C)cc1,345.4,24,3.5,68,2.3,4,5,1,0,-3.50884076553689,1.10665540144354,-2.68304492018971,-0.141081440443336,,
502,Fc1ccccc1CNC(=O)c2c(OCc3c(noc3C)C)non2,346.3,25,1.4,103.3,4.8,6,8,1,0,-7.97723102032972,-7.87390475841088,-0.81557084079255,-0.0730764025868776,,
594,Fc1ccc(-c2c(nc(s2)C)C(=O)Nc3ccc4c(nc(n4CCc5ccccc5)C)c3)cc1,470.6,34,6.7,59.8,3.5,6,5,1,1,-9.74143912624276,-1.48978617393967,-17.7864330600998,-0.423286351124222,,
328,Clc1c(C(=O)Nc2c(nnn2-c3ccc(-c4nc5ccc(cc5s4)C)cc3)C#N)cccn1,471.9,33,5.1,109.4,0.8,4,8,1,1,-16.2564278169189,-10.6256396928294,-11.614670240478,-0.280972211078793,,
432,O=C(Nc1c(nnn1-c2ccc(-c3nc4ccc(cc4s3)C)cc2)C#N)c5cncc(c5)C,451.5,33,4.7,109.4,0.8,4,8,1,0,-14.2437992679125,-11.9584831905022,-9.00882178996369,-0.211969640016995,,
632,Clc1c(n(nc1C(=O)Nc2ccc3c[nH]nc3c2)Cc4ccc(F)cc4)C(C)C,411.9,29,5.3,75.6,3.5,5,6,2,1,-8.07542126370275,-2.19140145890752,-13.1362469355755,-0.33755635703392,,
626,Clc1c(nn(c1-c2ccc(F)cc2)-c3ccccc3)C(=O)Nc4ccc5c[nH]nc5c4,431.9,31,5.8,75.6,0.8,4,6,2,1,-8.92650449909478,-3.1136628466625,-13.3822665245217,-0.359534146335552,,
316,Fc1ccc(-c2cc(n[nH]2)C(=O)Nc3ccncc3)cc1,282.3,21,3.1,70.7,0.5,3,5,2,0,1.06281893870703,4.53330339284313,1.90734992368028,-0.147167922916695,,
404,Clc1cc(NC(=O)c2coc(n2)-c3ccc(cc3)C(F)(F)F)ccn1,367.7,25,4.1,68,0.5,4,5,1,0,-4.86894094614681,1.21393460911671,-2.70562678626232,-0.161575310929645,,
182,Fc1c(F)ccc(-c2cc(n[nH]2)C(=O)Nc3ccnc(c3)C)c1,314.3,23,3.9,70.7,0.5,3,5,2,0,-1.3570987966145,2.97812955482669,-1.57871278615511,-0.172663296403706,,
652,Clc1ccc(-c2nc(S(=O)(=O)NCCC[NH+](CC)CC)c(s2)-c3ccc(F)cc3)cc1,483,31,5.6,63.5,7.5,10,5,2,1,-12.3744628952685,-1.6359271463163,-21.3617866668429,-0.389673130271056,,
312,Fc1cccc(-c2cc(n[nH]2)C(=O)Nc3ccncc3)c1,282.3,21,3.1,70.7,0.5,3,5,2,0,-0.195412915019727,4.31878849566914,1.49643120415931,-0.147373301793149,,
408,FC(F)(F)c1ccc(cc1)-c2nc(C(=O)Nc3ccnc(c3)C)co2,347.3,25,3.7,68,0.5,4,5,1,0,-4.28688533390877,0.988259872953248,-1.791679166413,-0.173058269810688,,
26,Fc1ccc2c(c(n[nH]2)C(=O)Nc3ccncc3[N+]([O-])=O)c1,301.2,22,2.5,116.5,0.8,3,8,2,0,-7.24474548018529,-4.79397715396198,3.90436622200397,-0.10306251319393,,
416,Clc1cccc(F)c1COc2c(non2)C(=O)NCCc3nc(-c4ccc(OC)cc4)cs3,488.9,33,4.3,99.4,6.3,9,8,1,0,-17.0926467980712,-11.5450469940147,-14.7239022353812,-0.231024912422965,,
348,Clc1c(nn(c1-c2ccc(F)cc2)C)C(=O)Nc3ccc4c[nH]nc4c3,369.8,26,4.3,75.6,0.5,3,6,2,0,-4.85838552024947,-1.92508220234313,-5.60195704118687,-0.191340429237334,,
574,O=S(=O)(N(CC)CC)c1ccc(-c2nc(c3ccccn32)C(=O)NCc4cnccc4)cc1,463.6,33,3.4,96.7,6.3,8,8,1,0,-13.9313208565089,-12.5920970654742,-12.3037379122505,-0.214313252891042,,
248,FC(F)(F)c1ccc(N2C(=CC(=O)C(=N2)C(=O)Nc3ccncc3)C)cc1,374.3,27,3.3,74.7,0.8,4,6,1,0,-5.42773832679862,-3.07667206522796,-2.45075481416499,-0.141024686779756,,
762,FC(F)(F)c1cccc(NC(=O)c2c(OCc3c(onc3C)C)non2)c1,382.3,27,2.4,103.3,3,6,8,1,0,-9.94645480241948,-8.54090809323708,-2.86597790562191,-0.107379168423175,,
58,Fc1cc(NC(=O)c2c(OCc3c(onc3C)C)non2)ccc1C,346.3,25,2.1,103.3,3,5,8,1,0,-7.80377652876635,-6.4889903939914,0.414339937245966,-0.108936339823783,,
572,Clc1ccc(F)cc1-n2c(-n3cccc3)c(C(=O)NCCC[NH+](C)C)cn2,390.9,27,3.4,56.3,4.8,7,6,2,0,-4.07641673226858,-2.33638757284666,-9.45318907925745,-0.218290873470846,,
346,Brc1c(nn(c1-c2ccc(F)cc2)C)C(=O)Nc3ccc4c[nH]nc4c3,414.2,26,4.5,75.6,0.5,3,6,2,0,-7.91213960567653,-2.69131541557103,-6.68331934013941,-0.137281231304609,,
696,FC(F)(F)c1nc2cc(NC(=O)c3c4c([nH]n3)-c5cc(OC)c(OC)cc5C4)ccc2[nH]1,443.4,32,4.1,104.9,1.5,5,8,3,0,-13.0178308426443,-12.2938309699901,-12.3049700679427,-0.220336205392666,,
256,Fc1c(F)c(F)ccc1-c2nc(c3ccccn23)C(=O)NCCC[NH+](C)C,377.4,27,3.9,50.8,4.3,6,5,2,0,-2.08734662409177,0.215653645092372,-9.79770234072423,-0.254863387968643,,
130,Fc1c(F)ccc(NC(=O)c2c(OCc3c(noc3C)C)non2)c1,350.3,25,2.2,103.3,3,5,8,1,0,-8.12309894744416,-6.62280385088257,0.22717085542439,-0.0776039500643735,,
650,Fc1ccc(-c2c(S(=O)(=O)NCCC[NH+](C)C)nc(s2)-c3ccc(C)cc3)cc1,434.6,29,4.4,63.5,5.5,8,5,2,0,-7.3700975830004,-2.76582652696311,-14.8022689060492,-0.257084788718403,,
654,Clc1ccc(-c2nc(S(=O)(=O)NCCC[NH+](C)C)c(s2)-c3ccc(F)cc3)cc1,455,29,4.8,63.5,5.5,8,5,2,0,-9.79317776388467,-2.56321182995806,-16.5046158074487,-0.270427443707026,,
756,Clc1c(nn(c1C(C)C)Cc2ccccc2F)C(=O)Nc3ccc4c[nH]nc4c3,411.9,29,5.3,75.6,3.5,5,6,2,1,-8.5523475099187,-1.35530169697109,-12.1611866812329,-0.344282749913639,,
698,FC(F)(F)c1ccccc1NC(=O)c2c3c([nH]n2)-c4cc(OC)c(OC)cc4C3,403.4,29,4.3,76.2,1.5,5,6,2,0,-6.81616004559788,-3.57418383008663,-8.95895309248432,-0.215148961384117,,
192,Clc1cccc(F)c1COc2c(non2)C(=O)NCCC[NH+](C)C,357.8,24,1.8,81.7,6.8,8,7,2,0,-6.87131008797225,-4.50258252976008,-5.07508107420041,-0.155724614442869,,
760,FC(F)(F)c1cccc(NC(=O)c2c(OCc3c(onc3C)C)non2)c1,382.3,27,2.4,103.3,3,6,8,1,0,-10.4991899256805,-8.08162106818959,-3.2707619465324,-0.122167066723295,,
242,Fc1ccccc1COc2c(non2)C(=O)NCCC[NH+](C)C,323.3,23,1.2,81.7,6.8,8,7,2,0,-3.58849682740834,-3.2137078248186,-2.26034582180232,-0.118654105018203,,
486,FC(F)(F)c1ccccc1NC(=O)c2nc(c3ccccn23)C(=O)NCc4cnccc4,439.4,32,3.9,88.4,2.8,6,7,2,0,-10.5300118439587,-10.1756699283495,-11.5598688156533,-0.227607406469876,,
520,Fc1cccc(NC(=O)c2c3ccccn3c(n2)C(=O)NCCC[NH+](C)C)c1,384.4,28,2.7,79.9,4.8,7,7,3,0,-5.71390858541105,-6.60297560599148,-9.8250109631335,-0.200090725833376,,
570,FC(F)(F)c1ccc(-c2nc(c3ccccn23)C(=O)NCc4cnccc4)cc1,396.4,29,4.3,59.3,2.3,5,5,1,0,-4.34623644461039,-1.08960600966129,-8.31515394351797,-0.227636350815368,,
512,Fc1cccc(NC(=O)c2nc(c3ccccn23)C(=O)NCCC[NH+](C)C)c1,384.4,28,2.7,79.9,4.8,7,7,3,0,-5.87858639431321,-6.47684412250841,-9.83047887091819,-0.216284545788431,,
706,Fc1ccc(-c2c(nc(s2)C)C(=O)Nc3ccc4c(nc(n4C)C(C)C)c3)cc1,408.5,29,5.8,59.8,1.5,4,5,1,1,-7.0145096755121,2.11332900116336,-10.678871054712,-0.347670705554559,,
578,Clc1ccc(F)cc1-n2c(-n3cccc3)c(C(=O)NCCC[NH+](CC)CC)cn2,418.9,29,4.2,56.3,6.8,9,6,2,0,-6.11842844513483,-2.79607425923674,-14.2540187623626,-0.314348380617352,,
358,O=C(NCc1cnccc1)c2c3ccccn3c(n2)-c4ccc5c(OC(=O)N5C)c4,399.4,30,3.3,88.8,2.8,4,8,1,0,-7.25919922291883,-9.26069911590714,-5.27696715838957,-0.175304284655671,,
656,Fc1ccc(-c2c(S(=O)(=O)NCCC[NH+](CC)CC)nc(s2)-c3ccc(C)cc3)cc1,462.6,31,5.2,63.5,7.5,10,5,2,1,-11.5056165934688,-0.86725657535017,-20.2685068050565,-0.380886249535219,,
608,FC(F)(F)c1ccccc1NC(=O)c2c3ccccn3c(n2)C(=O)NCCC[NH+](C)C,434.4,31,3.3,79.9,4.8,8,7,3,0,-9.07608952094487,-8.61300431933953,-14.3624117653391,-0.241557754583611,,
24,O=C(Nc1cccc2c1cccn2)c3c4c([nH]n3)-c5ccccc5CC4,340.4,26,4,70.7,0.7,2,5,2,0,-0.505959891874158,-0.17477195134245,-4.18704362852691,-0.179459796638033,,
190,Clc1cccc(F)c1COc2c(non2)C(=O)NCCC[NH+](CC)CC,385.8,26,2.6,81.7,8.8,10,7,2,0,-8.84621368554986,-4.34707112960942,-10.1104607932374,-0.237763651398499,,
144,O=C(NCc1cnccc1)c2c3ccc(-c4ccccc4)cn3c(n2)-c5cnccc5,405.5,31,4.4,72.2,2.4,5,6,1,0,-5.1798670964125,-4.59449673153596,-9.37117571313811,-0.249220002057943,,
528,Clc1c(nn(c1-c2ccc(Cl)c(Cl)c2)C)C(=O)NCc3cnccc3,395.7,25,4.5,59.8,2.3,4,5,1,0,-5.56311995703269,1.1593161822602,-5.80081091993513,-0.16915031236121,,
764,O=C(NCc1cnccc1)c2c3ccc(cn3c(n2)C)-c4ccccc4,342.4,26,3.6,59.3,2.4,4,5,1,0,-1.30012223332118,0.771158698107422,-3.57077588920957,-0.190922163398452,,
92,Clc1c(nn(c1-c2cc(Cl)ccc2Cl)C)C(=O)NCc3cnccc3,395.7,25,4.5,59.8,2.3,4,5,1,0,-5.21961911805517,1.10788808259134,-5.90856274415201,-0.166497239906928,,
286,O=C(Nc1cccc2c1cccn2)c3c4ccccc4[nH]n3,288.3,22,3.4,70.7,0.5,2,5,2,0,0.967285480533551,2.71533022852125,0.813149118068973,-0.15276552829281,,
398,Fc1c(F)ccc(-c2c(C(=O)NCCC[NH+](C)C)cno2)c1,310.3,22,2.3,59.6,4.3,6,5,2,0,-0.453436724455512,2.94569872831144,-1.3971452286955,-0.143939194153904,,
612,O=C(Nc1cccc2c1cccn2)c3cc([nH]n3)-c4ccncc4,315.3,24,3.3,83.6,0.5,3,6,2,0,-1.8744690787046,-0.368874636523336,-0.527727564474573,-0.177017367880559,,
284,O=C(Nc1cccc2c1cccn2)c3c4CCCc4[nH]n3,278.3,21,2.7,70.7,0.5,2,5,2,0,1.64178122084493,3.3305630751571,2.59970470333006,-0.0899266414203327,,
786,O=C(NCc1cnccc1)c2c3c(n[nH]2)-c4cc(OC)c(OC)cc4C3,350.4,26,2.3,89.1,3.3,5,7,2,0,-5.12828923553912,-5.97973091299333,-2.90780054642873,-0.148275528876797,,
224,O=C(Nc1ccc2c[nH]nc2c1)c3c4c([nH]n3)-c5ccc(OC)cc5CC4,359.4,27,3.3,95.7,1.2,3,7,3,0,-5.44477620714646,-6.46964502553736,-5.67806453470608,-0.189356758914146,,
406,O=C(Nc1ccc2c[nH]nc2c1)c3c4c([nH]n3)-c5ccccc5CC4,329.4,25,3.3,86.5,0.7,2,6,3,0,-2.06204509974653,-2.9807848797662,-3.03964830644808,-0.145262214864256,,
488,O=C1Cc2cc(-c3nc(c4ccccn43)C(=O)NCc5cnccc5)ccc2N1,383.4,29,2.8,88.4,2.8,4,7,2,0,-5.81823733992254,-8.29091103939202,-6.34411703996298,-0.146542167327487,,
464,Clc1cccc(-n2c(cc(n2)C(=O)NCc3cnccc3)-c4cccc([N+]([O-])=O)c4)c1,433.9,31,4.5,105.6,2.8,6,8,1,0,-14.0365735899708,-9.73681999849532,-9.56315626374332,-0.227973727839785,,
216,Brc1ccc2c(c(n[nH]2)C(=O)Nc3ccc4c(nc[nH]4)c3)c1,356.2,22,3.5,86.5,0.5,2,6,3,0,-5.12988960276129,-1.2439502675392,-2.40406188292052,-0.0954343112940592,,
490,O=C(Nc1ccc2c[nH]nc2c1)c3c[nH]nc3-c4cc(c(cc4C)C)C,345.4,26,4.1,86.5,0.5,3,6,3,0,-4.32878859908688,-1.94784808331295,-5.86092683406824,-0.224410739432942,,
526,Clc1c(nn(Cc2ccccc2Cl)c1-c3ccccc3)C(=O)NCc4cnccc4,437.3,30,5.3,59.8,4.3,6,5,1,1,-8.56802772033438,-0.82483544764477,-13.5158844380703,-0.320774499364446,,
596,O=C(NCc1cnccc1)c2c3ccc4ccccc4n3c(n2)-c5cnccc5,379.4,29,3.9,72.2,2.3,4,6,1,0,-3.53481758883095,-4.38832794757671,-6.32178281810604,-0.208784628639241,,
230,O=C(NCc1cnccc1)c2c3ccc(cn3c(n2)-c4ccncc4)-c5ccccc5,405.5,31,4.4,72.2,2.4,5,6,1,0,-6.28051234699134,-4.49591859398759,-10.0252136614908,-0.252542667738126,,
4,O=C(Nc1ccncc1)c2c3c([nH]n2)-c4ccc(OC)cc4CC3,320.4,24,2.8,79.9,1.2,3,6,2,0,-1.92141138551511,-1.63667731367979,-0.757475122155647,-0.133293977444981,,
184,O=C(Nc1ccc2c(nc(n2C)C(C)C)c1)c3c4c([nH]n3)-c5ccccc5CC4,385.5,29,4.4,75.6,1.7,3,6,2,0,-3.94255728880185,-4.58395003245869,-8.7492816059168,-0.238089651508376,,
260,O=C1C(C(=O)Nc2ccncc2[N+]([O-])=O)=CNc3c1ccc4cccnc43,361.3,27,2.6,129.8,0.8,3,9,2,0,-11.517217691562,-11.5271409938687,-0.480490190182795,-0.0967246090358818,,
18,O=C(Nc1cccc2c1cccn2)c3c4c([nH]n3)-c5cc(OC)c(OC)cc5C4,386.4,29,3.8,89.1,1.5,4,7,2,0,-6.99128893610284,-7.08539435989255,-6.34408804735834,-0.216408502148464,,
118,Brc1ccc2c(c(n[nH]2)C(=O)Nc3ccc4c[nH]nc4c3)c1,356.2,22,3.5,86.5,0.5,2,6,3,0,-5.17463641744704,-1.40951506128967,-2.2053279926061,-0.0751127396449529,,
370,O=C(NCc1cnccc1)c2c3ccccn3c(n2)-c4cc(c(cc4OC)C)C,386.5,29,4,68.5,2.8,5,6,1,0,-5.26687884430207,-3.3747102337937,-6.75817834783976,-0.215378633590375,,
454,O=C1C(=CNc2c1ccc3cccnc32)C(=O)Nc4ccncc4,316.3,24,2.7,84,0.5,2,6,2,0,-1.37228053093504,-2.57989776266128,0.631166972507436,-0.0920307671038195,,
442,O=C(NCc1cnccc1)c2c3ccccn3c(n2)Cc4ccc(OC)c(OC)c4,402.5,30,3.3,77.8,5.3,7,7,1,0,-7.24966912507533,-6.87536812644631,-7.99862170482902,-0.226535340495486,,
750,O=C1c2ccc(OC)cc2OC(=C1c3ccc(OC)cc3)C(=O)NCc4cnccc4,416.4,31,3.4,86.8,3.4,6,7,1,0,-8.81169784690943,-8.76309517656809,-9.11191715532888,-0.20755104893701,,
208,O=C(Nc1cccc2c1cccn2)c3cc([nH]n3)-c4ccccc4OC,344.4,26,3.9,79.9,1,4,6,2,0,-4.09103380162611,-0.882440274158383,-5.06341909617184,-0.210923519718812,,
234,O=C(Nc1cccc2c1cccn2)c3cc([nH]n3)-c4cnccc4,315.3,24,3.3,83.6,0.5,3,6,2,0,-2.62835756388012,-0.467091155602728,-0.590610798026979,-0.158809390638567,,
466,O=C(Nc1ccc2c(nc([nH]2)C)c1)c3c4c([nH]n3)-c5cccc(OC)c5CC4,373.4,28,3.6,95.7,1.2,3,7,3,0,-5.74934936182023,-7.12411779745287,-6.8732620307577,-0.176175667297359,,
532,O=C(Nc1ccc2c(nc[nH]2)c1)c3c[nH]nc3-c4cc(c(cc4C)C)C,345.4,26,4.1,86.5,0.5,3,6,3,0,-3.74085483935788,-2.25642674887381,-5.46732273593396,-0.225894290730719,,
550,O=C(NCc1cnccc1)c2cc(n(n2)C)-c3cccc([N+]([O-])=O)c3,337.3,25,2.3,105.6,2.5,5,8,1,0,-6.98681644544227,-6.48975872390614,0.370887897196788,-0.0967907399965507,,
264,O=C(NCc1cnccc1)c2c3ccccn3c(n2)-c4c(C)cc(OC)c(c4)C,386.5,29,4,68.5,2.8,5,6,1,0,-4.80053557308516,-3.24128258383844,-6.71703556959789,-0.220551254435102,,
268,Clc1c(nn(c1-c2cc(Cl)ccc2Cl)C)C(=O)Nc3ccc4c[nH]nc4c3,420.7,27,5.3,75.6,0.5,3,6,2,1,-9.15463036624471,-1.50730087839065,-9.94603174906823,-0.271733098305833,,
22,Brc1ccc2c(c(n[nH]2)C(=O)Nc3cccc(N)c3)c1,331.2,20,3.2,83.8,0.5,2,5,4,0,-3.16568119905024,1.48715586807399,-2.28280539054581,-0.0846698874384217,,
418,O=C(Nc1ccc2c(nc[nH]2)c1)c3c4c([nH]n3)-c5ccc(OC)cc5CC4,359.4,27,3.3,95.7,1.2,3,7,3,0,-4.82052652059192,-6.80813092875932,-5.37247699221353,-0.162901622260606,,
530,FC(F)(F)c1ccccc1NC(=O)c2nc(c3ccccn23)C(=O)NCCC[NH+](C)C,434.4,31,3.3,79.9,4.8,8,7,3,0,-9.38690542768519,-9.10958817271408,-14.4642162450332,-0.252677065904089,,
436,Clc1ccccc1Cn2c(cc(n2)C(=O)NCc3cnccc3)-c4ccc(OC)cc4,432.9,31,4.6,69,4.8,7,6,1,0,-7.92441980510453,-4.99157873198921,-12.6505388405424,-0.272894614724319,,
70,O=C(Nc1cccc2c1cccn2)c3cc([nH]n3)-c4ccc5c(CCO5)c4,356.4,27,3.8,79.9,0.5,3,6,2,0,-3.97680536687787,-2.54581596068976,-4.74456405809901,-0.18390690289699,,
14,Brc1ccc2c(c(n[nH]2)C(=O)Nc3ccnc(c3)C)c1,331.2,20,3.4,70.7,0.5,2,5,2,0,-2.33564198010354,2.78471119489505,1.0052262464017,-0.0629952708435459,,
240,Fc1ccccc1COc2c(non2)C(=O)NCCC[NH+](CC)CC,351.4,25,1.9,81.7,8.8,10,7,2,0,-5.63346768010808,-4.05976955442776,-6.84826694566338,-0.226279276860455,,
664,Clc1c(nn(c1-c2cc(Cl)c(Cl)cc2)C)C(=O)Nc3ccc4c[nH]nc4c3,420.7,27,5.3,75.6,0.5,3,6,2,1,-8.76608894127755,-1.49055665585057,-9.69240042498753,-0.258050416237188,,
740,O=C(NCc1cnccc1)c2c3ccccn3c(n2)-c4ccc(OC)cc4C,372.4,28,3.6,68.5,2.8,5,6,1,0,-3.97460726700308,-2.93055374405645,-5.64378311069621,-0.218469543073991,,
52,Clc1c(n(nc1C(=O)NCc2cnccc2)C)-c3cccc([N+]([O-])=O)c3,371.8,26,3,105.6,2.5,5,8,1,0,-10.355132840553,-7.01902501935955,-1.6978410174262,-0.131451442714432,,
748,O=C(NCc1cnccc1)C2=C(c3ccc(OC)cc3)C(=O)c4ccc(OCC)cc4O2,430.5,32,3.8,86.8,4.4,7,7,1,0,-10.1913539910226,-8.26874024660176,-10.420007434856,-0.244809062130437,,
188,O=C1c2ccc(OC)cc2OC(=C1c3ccc(OC)cc3)C(=O)Nc4ccncc4,402.4,30,3.7,86.8,1.7,5,7,1,0,-8.57533612975175,-6.97821466679246,-6.53231978066204,-0.197467056879056,,
402,O=C(Nc1cccc2c1c[nH]n2)c3c4ccccc4[nH]n3,277.3,21,2.7,86.5,0.5,2,6,3,0,0.159925935680466,0.955261796470872,1.68391344900056,-0.114773979063978,,
538,O=C(Nc1ccnc(c1)C)c2c3ccccc3[nH]n2,252.3,19,2.5,70.7,0.5,2,5,2,0,2.54300861732285,5.71388545320156,4.83158901197743,-0.108649073202941,,
140,Brc1ccc2c(c(n[nH]2)C(=O)Nc3ccnc(C4CC4)c3)c1,357.2,22,3.9,70.7,0.5,3,5,2,0,-4.60242881566873,1.94378205400715,-2.84531887553089,-0.128760357964641,,
660,O=C(NCc1cnccc1)C=2c3ccccc3C(=O)N(N2)c4ccncc4,357.4,27,2.2,87.6,2.5,4,7,1,0,-4.12212618731727,-6.28937508593818,-1.22116083136126,-0.104539055833791,,
12,Brc1ccc2c(c(n[nH]2)C(=O)Nc3ccncc3)c1,317.1,19,3,70.7,0.5,2,5,2,0,-2.00675908750817,3.8590390404785,2.24604699334897,-0.0486331574264635,,
564,Clc1ccc(OC)c(-c2nc(c3ccccn23)C(=O)NCc4cnccc4)c1,392.8,28,4,68.5,2.8,5,6,1,0,-5.53434875131243,-2.50288711756162,-6.53430093857165,-0.193576223676376,,
566,O=C(NCc1cnccc1)c2c3ccccn3c(n2)-c4cc(ccc4OC)C,372.4,28,3.6,68.5,2.8,5,6,1,0,-3.80222560053573,-3.12690544873319,-5.32466564545373,-0.2337603449022,,
708,O=C(Nc1c(cnn1-c2cc(c3cccc(c3n2)C)C)C#N)c4ccc(nc4C)-c5ccccc5OC,488.5,37,5.5,105.7,1.4,5,8,1,1,-16.4790958885119,-12.5762332973541,-15.3537660546126,-0.3500314805115,,
50,O=C(Nc1ccncc1)c2cc([nH]n2)-c3ccc4c(CCO4)c3,306.3,23,2.7,79.9,0.5,3,6,2,0,-1.38630555714763,-0.239384436617316,0.0671485010093491,-0.123906134781087,,
658,O=C(NCc1cnccc1)c2c3ccccn3c(n2)-c4c(cc(OC)cc4C)C,386.5,29,4,68.5,2.8,5,6,1,0,-5.39731994123157,-3.14176191609941,-7.19741869107519,-0.246037427667366,,
686,O=C(Nc1ccc2c[nH]nc2c1)c3c(OCc4cnnn4Cc5ccccc5)non3,416.4,31,1.8,136.6,5,7,11,2,1,-16.464203840485,-18.0241348518362,-8.20005000370446,-0.18919490322834,,
356,O=C(Nc1ccc2c(ncn2CC[NH+](C)C)c1)c3c4c([nH]n3)-c5ccccc5CC4,401.5,30,3.3,80,3.7,5,7,3,0,-5.68476933565422,-8.93645311037995,-11.4376880265315,-0.200013836696043,,
20,O=C(Nc1ccncc1)c2c3c([nH]n2)-c4ccccc4CC3,290.3,22,2.8,70.7,0.7,2,5,2,0,1.73970037016493,2.34683216559571,1.69660696376096,-0.124493059920797,,
218,O=C(Nc1cccc2c1cccn2)c3cc([nH]n3)-c4cccc(OC)c4,344.4,26,3.9,79.9,1,4,6,2,0,-4.26966967822134,-0.813794739167854,-4.29581241288648,-0.216437192831505,,
636,O=C(Nc1ccncc1)c2cc([nH]n2)-c3ccccc3OC,294.3,22,2.7,79.9,1,4,6,2,0,-2.12353471919773,1.02408292509439,1.05078048975128,-0.147980759782977,,
16,O=C(Nc1cccc2c1cccn2)c3c4c([nH]n3)-c5ccc(OC)cc5CC4,370.4,28,4,79.9,1.2,3,6,2,0,-4.14213799982984,-3.4797630303881,-6.24137378227997,-0.200194763982094,,
536,O=C(Nc1ccnc(c1)C)c2c3CCCc3[nH]n2,242.3,18,1.9,70.7,0.5,2,5,2,0,3.21785566430453,5.66867074491585,7.22105344856075,-0.0765200437129509,,
766,Clc1cccc(N2C(=CC(=O)C(=N2)C(=O)NCc3c(n[nH]c3C)C)C)c1C,385.9,27,2.9,90.4,2.5,4,7,2,0,-6.93557475111072,-7.40898632788629,-5.16451674823779,-0.123845630591614,,
580,O=C(NCc1cnccc1)c2cc(n(n2)Cc3ccccc3)-c4ccc(OC)c(OC)c4,428.5,32,3.9,78.3,5.3,8,7,1,0,-9.80858904863871,-7.5379651277318,-12.1006005770266,-0.269538460898929,,
108,O=C(NCCc1c[nH]cn1)c2c3Cc4cc(OC)c(OC)cc4-c3n(n2)C,367.4,27,1.7,94.1,4.3,6,8,2,0,-6.65902555733186,-9.04528908745158,-4.41119984160226,-0.117343291539839,,
674,Clc1cccc(-n2c(-c3cccc([N+]([O-])=O)c3)cc(n2)C(=O)Nc4ccc5c[nH]nc5c4)c1,458.9,33,5.3,121.4,1,5,9,2,1,-18.5314832066485,-11.3280795478524,-12.9826520249436,-0.316987043886352,,
672,O=C(NCc1cnccc1)c2cc(n(n2)C)-c3ccc(OC)c(OC)c3,352.4,26,2.4,78.3,3.3,6,7,1,0,-5.87190729446014,-4.03509455925638,-2.75108613005712,-0.13779890064816,,
604,O=C(NCc1cnccc1)c2c3ccccc3n(n2)-c4ccncc4,329.4,25,2.7,72.7,2.5,4,6,1,0,-2.04244625913468,-1.73695166606111,-0.705574424993051,-0.153412655569971,,
138,Brc1ccc2c(c(n[nH]2)C(=O)Nc3ccnc(C(C)(C)C)c3)c1,373.3,23,4.3,70.7,0.5,3,5,2,0,-5.16653567254512,1.20165907106984,-4.68994445628058,-0.133473698361283,,
668,O=C(Nc1ccc2c(nc([nH]2)C)c1)c3c4c([nH]n3)-c5ccc(OC)cc5CC4,373.4,28,3.6,95.7,1.2,3,7,3,0,-5.80061315601201,-7.72419082296029,-7.43757592633904,-0.176381314737164,,
702,Clc1c(nn(c1-c2ccccc2)-c3ccc([N+]([O-])=O)cc3)C(=O)Nc4ccc5c[nH]nc5c4,458.9,33,5.3,121.4,1,5,9,2,1,-17.8611060295808,-11.5119263558601,-12.5774994215381,-0.312197835004251,,
524,Brc1c(nn(c1-c2ccc(Cl)c(Cl)c2)C)C(=O)NCc3cnccc3,440.1,25,4.6,59.8,2.3,4,5,1,0,-7.93262952912996,-0.239262042755799,-7.43826558969414,-0.125656574932968,,
212,Clc1cccc(N2C(=CC(=O)C(=N2)C(=O)Nc3ccnc(c3)C)C)c1C,368.8,26,3.6,74.7,0.8,3,6,1,0,-5.37165433892954,-2.07655534947824,-2.75942513045035,-0.135640960603002,,
100,O=C(Nc1ccc2c(nc(n2C)C(C)C)c1)c3c4c([nH]n3)-c5ccc(OC)cc5CC4,415.5,31,4.4,84.8,2.2,4,7,2,0,-7.55904063354457,-8.33286806879938,-9.95378658488544,-0.241348720285864,,
306,O=C(Nc1cccc(OCc2ccccc2)c1)c3c(OCc4cnnn4Cc5ccccc5)non3,482.5,36,3.5,117.2,7.5,10,10,1,0,-18.030668189839,-18.4214965025544,-15.647248832665,-0.305931572842614,,
768,O=C1C(=NN(c2cccc(c2C)C)C(C)=C1)C(=O)NCc3c(n[nH]c3C)C,365.4,27,2.5,90.4,2.5,4,7,2,0,-5.10349992708775,-6.92755328969976,-3.73251791983587,-0.118457126046639,,
56,O=C(Nc1ccncc1)c2c3ccc(OC)cc3[nH]n2,268.3,20,2.2,79.9,1,3,6,2,0,0.310622044529309,1.85243679688383,3.86658553172767,-0.0961447225459194,,
640,O=C1c2ccc(OC)cc2OC(=C1c3ccc(OC)c(OC)c3)C(=O)NCCC[NH+](C)C,441.5,32,2.8,87.5,5.9,9,8,2,0,-10.8406090127171,-11.7606460785403,-13.0723685478033,-0.234489568843463,,
738,O=C(Nc1ccnc(c1)C)c2cc([nH]n2)-c3cnccc3,279.3,21,2.4,83.6,0.5,3,6,2,0,-1.08084075913893,1.84555445657877,3.01084276854759,-0.126109106253083,,
64,O=C(NCc1cnccc1)c2c[nH]nc2-c3cc(c(cc3C)C)C,320.4,24,3.3,70.7,2.3,4,5,2,0,-0.706748757607924,1.51665842620329,-2.7798892374928,-0.181391975009992,,
214,O=C1C(=NN(c2cccc(c2C)C)C(C)=C1)C(=O)Nc3ccnc(c3)C,348.4,26,3.2,74.7,0.8,3,6,1,0,-3.4284908800905,-2.86505038646454,-1.15250344319507,-0.130141331121159,,
112,O=C(Nc1ccc2c(nc[nH]2)c1)c3c4Cc5cc(OC)c(OC)cc5-c4n(n3)C,389.4,29,3.1,94.1,1.5,4,8,2,0,-7.26584801505367,-9.23652091484794,-5.77261575447187,-0.181299528546472,,
196,O=C1c2ccc(OCC)cc2OC(=C1c3ccc(OC)c(OC)c3)C(=O)Nc4ccncc4,446.5,33,4.1,96,3.2,7,8,1,0,-12.7841861057845,-11.0160162462961,-11.2033759612404,-0.259855366885795,,
700,O=C(Nc1ccccc1C#N)c2nc(c3ccccn23)C(=O)NCc4cnccc4,396.4,30,2.8,112.2,2.8,5,8,2,0,-11.1365408059783,-11.5473987188633,-6.45634148434227,-0.164186882302748,,
778,O=C(Nc1ccc2c(nc(n2CCc3ccccc3)C)c1)c4c5ccccc5[nH]n4,395.5,30,4.7,75.6,3.5,5,6,2,0,-5.86136806820337,-4.8580990356091,-11.2277558032391,-0.280226645440369,,
558,O=C(Nc1ccc2c(nc([nH]2)C)c1)c3c4c([nH]n3)-c5cc(OC)c(OC)cc5C4,389.4,29,3.4,104.9,1.5,4,8,3,0,-9.01387078362331,-10.3998721479082,-8.01733770092734,-0.189677767163165,,
262,O=C(NCc1cnccc1)c2c3ccccn3c(n2)-c4c(cc(OCC)c(c4)C)C,400.5,30,4.3,68.5,3.8,6,6,1,0,-6.45284292245881,-4.08310316427659,-9.99593550766741,-0.269974730350995,,
200,Clc1cccc(N2C(=CC(=O)C(=N2)C(=O)Nc3ccncc3)C)c1C,354.8,25,3.3,74.7,0.8,3,6,1,0,-4.01517038925354,-1.7261315875125,-1.40905563549705,-0.11465140766279,,
202,O=C1C(=NN(c2cccc(c2C)C)C(C)=C1)C(=O)Nc3ccncc3,334.4,25,2.9,74.7,0.8,3,6,1,0,-2.6431059741469,-1.45004330101904,0.203639132919251,-0.135948737520022,,
304,O=C(NCc1cnccc1)c2cc(n(n2)Cc3ccccc3)-c4cccc([N+]([O-])=O)c4,413.4,31,3.8,105.6,4.5,7,8,1,0,-12.2638033815371,-9.89288805267035,-8.39405039994023,-0.246493887388353,,
670,O=C(Nc1ccc2c(nc([nH]2)C(C)C)c1)c3c4c([nH]n3)-c5ccc(OC)cc5CC4,401.5,30,4.4,95.7,2.2,4,7,3,0,-8.13978524940968,-8.70300012236869,-10.7532916154569,-0.245905711411497,,
68,O=C(Nc1ccc2c(nc(n2C)C(C)C)c1)c3c4c([nH]n3)-c5cccc(OC)c5CC4,415.5,31,4.4,84.8,2.2,4,7,2,0,-7.67857959088984,-8.60365820507844,-10.3133858560968,-0.240314838081727,,
250,O=C(Nc1ccc2c(nc[nH]2)c1)c3c4c([nH]n3)-c5cccc(OC)c5CC4,359.4,27,3.3,95.7,1.2,3,7,3,0,-5.55253624803531,-6.65021413665451,-5.30033911647619,-0.168590730265085,,
470,O=C(Nc1ccc2c(nc([nH]2)C(C)C)c1)c3c4c([nH]n3)-c5cccc(OC)c5CC4,401.5,30,4.4,95.7,2.2,4,7,3,0,-8.31104427689716,-7.74606911555374,-10.9075533836418,-0.236712999985466,,
692,O=C(NCc1cnccc1)c2c3ccccn3c(n2)-c4cccc([N+]([O-])=O)c4,373.4,28,3.2,105.1,2.5,5,8,1,0,-10.0939130633464,-7.54369961910747,-3.09236747153716,-0.173786087573508,,
382,O=C(Nc1ccc2c(nc(n2C)CCc3ccccc3)c1)c4c5c([nH]n4)-c6ccccc6CC5,447.5,34,5.1,75.6,3.7,5,6,2,1,-9.1134334673948,-6.55504107318398,-16.5076180889216,-0.375351599377933,,
500,Clc1ccc(Cl)c(-c2nc(c3ccccn32)C(=O)NCc4cnccc4)c1OC,427.3,29,4.7,68.5,2.8,5,6,1,0,-7.46198772463144,-3.07687148222164,-9.64356063850114,-0.216568784120023,,
180,Clc1c(nn(c1-c2cccc([N+]([O-])=O)c2)-c3ccccn3)C(=O)NCc4cnccc4,434.8,31,3.8,118.5,2.8,6,9,1,0,-15.111584881028,-12.9527249837254,-7.77898804198075,-0.184190750772414,,
542,O=C(NCc1cnccc1)c2c3ccccn3c(n2)CCc4cccc(OC)c4,386.5,29,3.5,68.5,5.8,7,6,1,0,-4.52297987835277,-4.06017827792663,-9.09893690532773,-0.242403789962241,,
684,Clc1cccc(N2C(C)=CC(=O)C(=N2)C(=O)Nc3cccc(N)c3)c1C,368.8,26,3.5,87.8,0.8,3,6,3,0,-5.8915693928292,-3.85035640589935,-5.22713563771312,-0.139611212270294,,
152,O=C(Nc1cccc2c1cccn2)c3cc([nH]n3)-c4ccc(OC)cc4,344.4,26,3.9,79.9,1,4,6,2,0,-4.18035487130584,-1.28739988157769,-4.07831054478468,-0.21385188934381,,
164,O=C1C(=NN(c2cccc(c2C)C)C(C)=C1)C(=O)Nc3ccncc3[N+]([O-])=O,379.4,28,2.8,120.5,1,4,9,1,0,-11.4078559578205,-11.5728738826799,-1.07288318219959,-0.12476387822866,,
288,O=C(Nc1ccc2c(nc[nH]2)c1)c3c4c([nH]n3)-c5cc(OC)c(OC)cc5C4,375.4,28,3.1,104.9,1.5,4,8,3,0,-8.24526246947384,-9.5103429593621,-6.50145269182512,-0.174122027779671,,
476,O=C(NCc1cnccc1)c2c3ccccn3c(n2)-c4c(onc4C)C,347.4,26,2.4,85.3,2.3,4,7,1,0,-4.84791133504422,-5.54506004890248,-0.804229991598903,-0.123204285800905,,
546,O=C(NCc1cnccc1)c2c3c(n[nH]2)-c4cccc(OC)c4CC3,334.4,25,2.5,79.9,2.9,4,6,2,0,-2.23884089445058,-3.37180609057083,-2.29129920333591,-0.151358700347392,,
460,O=C(NCc1cnccc1)c2c3ccccn3c(n2)-c4ccc(OC)cc4OC,388.4,29,3.3,77.8,3.3,6,7,1,0,-6.83932308235529,-5.38163341227175,-6.52627402477302,-0.19845368782631,,
776,O=C(Nc1ccc2c(nc(n2CCc3ccccc3)C)c1)c4c5c([nH]n4)CCC5,385.5,29,4.1,75.6,3.5,5,6,2,0,-5.3046914123743,-4.02576384385803,-9.21632656237344,-0.226989575839595,,
62,Clc1c(nn(c1-c2cccc([N+]([O-])=O)c2)-c3ccccc3)C(=O)NCc4cnccc4,433.9,31,4.5,105.6,2.8,6,8,1,0,-13.6640591319726,-8.90955756892055,-8.64565129503305,-0.240678038389775,,
176,O=C(Nc1cccc2c1cccn2)c3cc([nH]n3)-c4ccc(OC)c(OC)c4,374.4,28,3.9,89.1,1.5,5,7,2,0,-7.83298838773393,-5.02994801114787,-6.08046777522088,-0.222743393594445,,
606,O=C(Nc1c(cnn1-c2cc(c3ccccc3n2)C)C#N)c4ccc(nc4C)-c5ccccc5OC,474.5,36,5.2,105.7,1.4,5,8,1,1,-15.6108911920997,-11.4793289733705,-14.7522458895301,-0.336841919950572,,
666,O=C(Nc1ccc2c(nc([nH]2)CC)c1)c3c4c([nH]n3)-c5ccc(OC)cc5CC4,387.4,29,3.9,95.7,2.2,4,7,3,0,-6.97899093094631,-7.67584087502906,-9.26017485617009,-0.196350776488541,,
730,O=C(NCc1cnccc1)c2cc(n(n2)-c3ccccc3)-c4cccc([N+]([O-])=O)c4,399.4,30,3.8,105.6,2.8,6,8,1,0,-11.4838732943753,-8.62049826991832,-6.21732727351782,-0.215766632268463,,
136,O=C(Nc1ccc2c[nH]nc2c1)c3c4c([nH]n3)-c5cc(OC)c(OC)cc5C4,375.4,28,3.1,104.9,1.5,4,8,3,0,-8.82724694166257,-9.56556985199607,-6.10212149731987,-0.175370769993059,,
186,O=C1c2ccc(OCC)cc2OC(=C1c3ccc(OC)cc3)C(=O)Nc4ccncc4,416.4,31,4.1,86.8,2.7,6,7,1,0,-10.2244738325253,-7.53474606423782,-8.97031744971413,-0.228733268117359,,
534,Clc1c(nn(c1-c2cc(Cl)ccc2Cl)C)C(=O)Nc3ccc4c(nc[nH]4)c3,420.7,27,5.3,75.6,0.5,3,6,2,1,-9.87815002987648,-1.09966536099008,-9.93186193847632,-0.265369265372711,,
162,Clc1cccc(N2C(=CC(=O)C(=N2)C(=O)Nc3ccncc3[N+]([O-])=O)C)c1C,399.8,28,3.2,120.5,1,4,9,1,0,-13.914673784407,-11.093246474855,-2.76320133577457,-0.115223461438416,,
624,O=C(NCc1cnccc1)c2cc(n(n2)Cc3ccc(C)cc3)-c4cccc([N+]([O-])=O)c4,427.5,32,4.1,105.6,4.5,7,8,1,0,-13.6933245448854,-10.369756028523,-10.9092330684975,-0.255850170715004,,
676,O=C(Nc1ccccc1C(OC)=O)c2c3c([nH]n2)-c4cc(OC)c(OC)cc4C3,393.4,29,3,102.5,1.8,5,8,2,0,-9.46233925291337,-9.60017853646628,-5.9049229137751,-0.164952359649551,,
2,O=C(Nc1ccncc1)c2c3c([nH]n2)-c4cc(OC)c(OC)cc4C3,336.3,25,2.6,89.1,1.5,4,7,2,0,-4.87916242857884,-4.02231171362803,-1.42253015158939,-0.155593326152003,,
352,Clc1c(nn(c1-c2cccc([N+]([O-])=O)c2)-c3ccccc3)C(=O)Nc4ccc5c(nc[nH]5)c4,458.9,33,5.3,121.4,1,5,9,2,1,-18.7201980244594,-11.7273588394205,-13.0613583177589,-0.322584667736276,,
562,O=C(Nc1ccnc(c1)C)C=2C(=O)C=C(N(N2)c3cccc(OC)c3)C,350.4,26,2.6,83.9,1.3,4,7,1,0,-5.39168636569184,-4.25517579087184,-0.524249857472682,-0.104407465259776,,
266,O=C(Nc1ccc2c(nc(n2CCc3ccccc3)C)c1)c4c5c([nH]n4)-c6ccccc6CC5,447.5,34,5.3,75.6,3.7,5,6,2,1,-8.78527163971205,-6.45761822973673,-16.774950097655,-0.384386268126204,,
282,O=C(NCCC[NH+](C)C)c1c2ccc(cn2c(n1)-c3ccncc3)-c4ccccc4,400.5,30,3.7,63.7,4.4,7,6,2,0,-4.55201997923578,-3.92337043901395,-11.667881823603,-0.274774306807082,,
452,O=C1Cc2cc(-c3nc(c4ccccn43)C(=O)NCCC[NH+](C)C)ccc2N1,378.5,28,2.2,79.9,4.8,6,7,3,0,-5.1090746264283,-7.78714635697276,-9.24130497955906,-0.169919337347309,,
478,O=C(Nc1ccccc1C(OCC)=O)c2nc(c3ccccn23)C(=O)NCc4cnccc4,443.5,33,3.1,114.7,4,7,9,2,0,-13.9675233542184,-15.6547165716229,-11.6057989109813,-0.187610679168918,,
194,O=C1c2ccc(OC)cc2OC(=C1c3ccc(OC)c(OC)c3)C(=O)Nc4ccncc4,432.4,32,3.7,96,2.2,6,8,1,0,-12.4176851408165,-11.135349769774,-8.56308721884253,-0.210838446937011,,
6,Brc1ccc2c(c(n[nH]2)C(=O)Nc3ccncc3[N+]([O-])=O)c1,362.1,22,3,116.5,0.8,3,8,2,0,-11.4398354515732,-5.88254727309826,1.01579656986061,-0.0464442205773823,,
310,O=C(Nc1ccncc1)c2cc([nH]n2)-c3ccc(OC)cc3,294.3,22,2.7,79.9,1,4,6,2,0,-1.88939691162874,0.996498436982966,1.15239318973535,-0.139682815669831,,
628,Clc1c(nn(c1-c2ccccc2)-c3ccc([N+]([O-])=O)cc3)C(=O)NCc4cnccc4,433.9,31,4.5,105.6,2.8,6,8,1,0,-14.1536611439316,-8.78215858072022,-9.60208527838329,-0.215676754040551,,
718,O=C(Nc1cccc(N(C)C)c1)c2c3Cc4cc(OC)c(OC)cc4-c3n(n2)C,392.5,29,3.3,68.6,1.8,5,7,1,0,-5.63240015880673,-5.22952826149965,-5.36526582341647,-0.198600569613946,,
314,O=C(Nc1ccncc1)c2cc([nH]n2)-c3cccc(OC)c3,294.3,22,2.7,79.9,1,4,6,2,0,-1.71253805950056,1.24436597824156,1.35907544645112,-0.148159367262923,,
722,O=C(NCc1cnccc1)c2c3ccccn3c(n2)-c4c(n[nH]c4C)C,346.4,26,2.7,88,2.3,4,7,2,0,-4.53170929614369,-4.84392790060015,-3.28247949226478,-0.141845458084177,,
76,O=C(Nc1cccc2c1cccn2)c3cc([nH]n3)-c4c(n(nc4C)C)C,346.4,26,3.2,88.5,0.6,3,7,2,0,-4.14236750312471,-4.45958693930959,-2.80946227229828,-0.161390946501686,,
588,O=C(Nc1c(cnn1-c2ccc3ccccc3n2)C#N)c4ccc(nc4C)-c5ccccc5OC,460.5,35,4.9,105.7,1.4,5,8,1,0,-13.6933646554294,-12.6932222558951,-11.7140380163663,-0.278372183301838,,
78,O=C(Nc1cccc2c1cccn2)c3cc([nH]n3)-c4c(nn(c4C)CC)C,360.4,27,3.7,88.5,1.6,4,7,2,0,-6.14469541435596,-4.78532692158243,-5.1894381887381,-0.202541202644681,,
390,O=C(Nc1ccnc(c1)C)c2cc(n(n2)C)-c3c(OC)ccc(OC)c3,352.4,26,3.1,78.3,1.5,5,7,1,0,-5.57051981244996,-2.90507546544613,-1.92333803308146,-0.170507813191773,,
54,O=C(Nc1ccc2c[nH]nc2c1)c3c4Cc5cc(OC)c(OC)cc5-c4n(n3)C,389.4,29,3.1,94.1,1.5,4,8,2,0,-8.10862752371427,-9.47138369257271,-6.04063422200316,-0.162546784110208,,
116,O=C(NCc1cnccc1)c2c(OCc3cnnn3Cc4ccccc4)non2,391.4,29,1,120.8,6.8,8,10,1,0,-12.5622456429797,-14.9211997074685,-4.42501169529391,-0.109973993105501,,
662,Brc1c(nn(c1-c2cc(Cl)c(Cl)cc2)C)C(=O)Nc3ccc4c[nH]nc4c3,465.1,27,5.4,75.6,0.5,3,6,2,1,-12.9176889765215,-1.56046507043794,-12.0293762640998,-0.210228993966812,,
146,Clc1c(nn(c1-c2cccc([N+]([O-])=O)c2)-c3ccccc3)C(=O)Nc4ccc5c[nH]nc5c4,458.9,33,5.3,121.4,1,5,9,2,1,-18.4724538831141,-11.2844899603806,-13.262527967172,-0.310850198837357,,
784,O=C(Nc1ccnc(c1)C)C=2C(=O)C=C(N(N2)c3cc(cc(c3)C)C)C,348.4,26,3.2,74.7,0.8,3,6,1,0,-2.91556558674304,-2.83619843099467,-1.14769613255081,-0.140298632298341,,
124,O=C(NCCC[NH+](C)C)c1c2ccc(cn2c(n1)-c3cnccc3)-c4ccccc4,400.5,30,3.7,63.7,4.4,7,6,2,0,-5.39035333671221,-4.51138746946868,-11.6419703039073,-0.267952933805623,,
544,O=C(Nc1ccc2c(nc(n2C)C(C)C)c1)c3cc([nH]n3)-c4ccc5c(CCO5)c4,401.5,30,4.3,84.8,1.5,4,7,2,0,-8.28551949255301,-6.90058195336179,-8.86833487267329,-0.241722389839946,,
422,O=C(Nc1ccccc1C(OCC)=O)c2c3ccccn3c(n2)C(=O)NCc4cnccc4,443.5,33,3.1,114.7,4,7,9,2,0,-14.478784647378,-15.745727682045,-11.6010414812468,-0.191944551611455,,
150,O=C(NCCC[NH+](C)C)c1c[nH]nc1-c2ccc(OC)c(OC)c2,333.4,24,1.8,80.7,5.3,8,7,3,0,-5.19223482864453,-2.92929023568478,-5.55132459591483,-0.170407384956646,,
424,O=C(Nc1ccc2c[nH]nc2c1)c3cc(n(n3)C)-c4cccc([N+]([O-])=O)c4,362.3,27,3.1,121.4,0.8,4,9,2,0,-11.0561915021455,-9.91539586519206,-2.23401168334886,-0.155044384180804,,
60,O=C(Nc1ccc2c[nH]nc2c1)c3c(OCc4c(onc4C)C)non3,354.3,26,1.2,132,3,5,10,2,0,-12.103199097456,-13.8485236696923,0.231005761089072,-0.0700993387285689,,
678,O=S(=O)(c1ccccc1NC(=O)c2c3c([nH]n2)-c4cc(OC)c(OC)cc4C3)C,413.4,29,2.7,110.4,2.5,5,8,2,0,-11.9600738933532,-11.254235942266,-6.64751370161521,-0.120932080283416,,
586,O=C(Nc1ccncc1)C=2C(=O)C=C(N(N2)c3cccc(OC)c3)C,336.3,25,2.3,83.9,1.3,4,7,1,0,-4.35139733374948,-4.27717031869852,0.86983349799698,-0.107509359380971,,
720,O=C(Nc1cccc(OC(C)C)c1)c2c3Cc4cc(OC)c(OC)cc4-c3n(n2)C,407.5,30,4,74.6,3,6,7,1,0,-7.78878372210184,-5.78749595289583,-8.14728438533457,-0.225661755218758,,
278,O=C(Nc1ccncc1[N+]([O-])=O)C=2C(=O)C=C(N(N2)c3cccc(OC)c3)C,381.3,28,2.2,129.7,1.5,5,10,1,0,-14.5210598372824,-13.1820694269502,-0.151034550738126,-0.0751463947290482,,
726,O=C(NCCC[NH+]1CCOCC1)c2c[nH]nc2-c3cc(c(cc3C)C)C,357.5,26,2.5,71.4,5.2,6,6,3,0,-2.1889647105457,-3.39665210176591,-8.65918711721527,-0.193834058253221,,
86,O=C(NCc1cnccc1)c2c[nH]nc2-c3ccc(OC)cc3OC,338.4,25,2.4,89.1,3.3,6,7,2,0,-5.30845262731084,-4.56937593469165,-3.2513824104563,-0.155697182811648,,
680,O=C(Nc1ccccc1C(OCC)=O)c2c3c([nH]n2)-c4cc(OC)c(OC)cc4C3,407.4,30,3.4,102.5,2.8,6,8,2,0,-9.88088587180001,-10.6565733501255,-7.95427302442877,-0.185468108784939,,
548,Clc1cc2COCOc2c(COc3c(non3)C(=O)NCc4cnccc4)c1,402.8,28,1.9,108.6,5.2,6,9,1,0,-11.7186066798154,-13.4163643231897,-4.62939932714074,-0.0999063859566219,,
228,O=S(=O)(c1ccccc1NC(=O)c2c3Cc4cc(OC)c(OC)cc4-c3n(n2)C)C,427.5,30,2.7,99.5,2.5,5,8,1,0,-11.4258418959843,-11.9585526758225,-6.19328487267697,-0.110422308268869,,
714,O=C(Nc1cccc(OCC)c1)c2c3Cc4cc(OC)c(OC)cc4-c3n(n2)C,393.4,29,3.7,74.6,3,6,7,1,0,-7.22383645188994,-5.0664890145252,-6.8354473715381,-0.222415802123737,,
462,O=C(NCc1cnccc1)c2c3ccccn3c(n2)-c4c(OC)ccc(OC)c4,388.4,29,3.3,77.8,3.3,6,7,1,0,-6.17820353693488,-5.78136405486874,-6.13543059205142,-0.194228311228902,,
94,O=C(Nc1ccncc1)c2cc([nH]n2)-c3ccc(OC)c(OC)c3,324.3,24,2.7,89.1,1.5,5,7,2,0,-5.29165524691227,-2.75719623897411,-1.23492382853912,-0.140573124731658,,
330,O=C(Nc1ccncc1[N+]([O-])=O)c2c3ccccc3[nH]n2,283.2,21,2.1,116.5,0.8,3,8,2,0,-5.59533121451213,-3.98288009046346,5.60014788408279,-0.077757337328422,,
298,O=C(Nc1cccc(N(C)C)c1)c2c(OCc3cnnn3Cc4ccccc4)non2,419.4,31,2,111.2,5.3,8,10,1,0,-13.7904910680005,-14.967104730048,-7.04504085468239,-0.149633125523905,,
444,Clc1ccc(c(NC(=O)c2c(OCc3c(onc3C)C)non2)c1)C,362.8,25,2.3,103.3,3,5,8,1,0,-8.96642175171388,-7.18723125259713,0.128525057305655,-0.0960344049589423,,
482,O=C(Nc1cc(OC)cc(OC)c1)c2c(OCc3cnnn3Cc4ccccc4)non2,436.4,32,2,126.4,6,9,11,1,1,-18.2462220259988,-16.7456651184348,-9.17486965650225,-0.241905947018983,,
758,O=C(OC)c1ccccc1NC(=O)c2c(n(nn2)-c3ccc4c(c(on4)-c5ccccc5)c3)CCC,481.5,36,4.5,112.1,3,7,9,1,0,-16.8242867149722,-15.5442668628437,-13.7775120596084,-0.272426009822305,,
48,O=C(Nc1cccc(OCc2ccccc2)c1)c3c(OCc4c(noc4C)C)non3,420.4,31,2.9,112.5,5.5,8,9,1,0,-13.824256604152,-12.8468120408922,-8.17731560089527,-0.19599337418976,,
712,O=C(Nc1cccc(OC)c1)c2c3Cc4cc(OC)c(OC)cc4-c3n(n2)C,379.4,28,3.3,74.6,2,5,7,1,0,-5.46337219819903,-5.38619368418541,-4.24040392910157,-0.17708210484547,,
364,Clc1c(nn(c1C(C)C)-c2ccc([N+]([O-])=O)cc2)C(=O)NCc3cnccc3,399.8,28,3.9,105.6,3.8,6,8,1,0,-11.8691562937118,-7.9378399770561,-5.97119193407184,-0.214256913978871,,
366,Clc1c(nn(-c2ccc([N+]([O-])=O)cc2)c1C)C(=O)NCc3cnccc3,371.8,26,3.1,105.6,2.8,5,8,1,0,-9.99076545894357,-6.99082389269679,-1.80927542481804,-0.161006317883409,,
294,O=C(Nc1ccc2c(ncn2CC[NH+](C)C)c1)c3c4c([nH]n3)-c5cccc(OC)c5CC4,431.5,32,3.3,89.3,4.2,6,8,3,0,-8.2890147537302,-12.4316301018338,-13.6944934648554,-0.23264183968929,,
376,O=C(Nc1ccc2c[nH]nc2c1)c3cc(n(n3)Cc4ccccc4)-c5cccc([N+]([O-])=O)c5,438.4,33,4.6,121.4,2.8,6,9,2,0,-15.1478911627613,-13.4944713520751,-11.8138884369881,-0.270861866029615,,
220,Clc1c(nn(c1-c2cccc([N+]([O-])=O)c2)C)C(=O)Nc3ccc4c(nc[nH]4)c3,396.8,28,3.8,121.4,0.8,4,9,2,0,-13.7296358997894,-11.29155186517,-4.55853753946053,-0.15162340347367,,
350,O=C(Nc1cccc(NC(=O)C)c1)c2c(OCc3c(onc3C)C)non2,371.4,27,1.3,132.4,3.3,6,10,2,0,-12.8967036910334,-15.1062637264861,-1.36540974636371,-0.0923092024143743,,
646,O=C1c2ccc(OCC)cc2OC(=C1c3ccc(OC)c(OC)c3)C(=O)NCCC[NH+](C)C,455.5,33,3.2,87.5,6.9,10,8,2,0,-13.0023732709796,-11.6770912307777,-15.8883696071694,-0.285655612966169,,
338,O=C(Nc1ccc2cc[nH]c2c1)c3c(OCc4c(noc4C)C)non3,353.3,26,1.8,119.1,3,5,9,2,0,-9.55536795666255,-10.6999347348121,-1.03264562003306,-0.0876204421027172,,
82,Clc1c(nn(c1-c2cccc([N+]([O-])=O)c2)C)C(=O)Nc3ccc4c[nH]nc4c3,396.8,28,3.8,121.4,0.8,4,9,2,0,-13.084373235045,-10.2612128846639,-4.765588878104,-0.157621700958874,,
792,O=C(NCCC[NH+](C)C)c1c2ccc3ccccc3n2c(n1)-c4cnccc4,374.5,28,3.2,63.7,4.3,6,6,2,0,-3.22004132216483,-3.00547476077761,-8.63219703248133,-0.230608259306724,,
134,O=C(Nc1ccc(OC)c(OC)c1)c2c(OCc3c(noc3C)C)non2,374.4,27,1.4,121.7,4,7,10,1,0,-12.1935579009716,-12.9217249860316,-1.43535622976287,-0.0817880620278079,,
556,O=C(Nc1ccc2c(nc([nH]2)CC)c1)c3c4c([nH]n3)-c5cc(OC)c(OC)cc5C4,403.4,30,3.7,104.9,2.5,5,8,3,0,-10.5352002419873,-10.5725664200489,-9.78592998604797,-0.219205546239603,,
682,O=C1C(=NN(c2cccc(c2C)C)C(C)=C1)C(=O)Nc3cccc(N)c3,348.4,26,3.1,87.8,0.8,3,6,3,0,-3.78986438863628,-4.08011091635567,-4.74915672672745,-0.137667011559599,,
320,O=C(Nc1ccccc1C#N)c2c3Cc4cc(OC)c(OC)cc4-c3n(n2)C,374.4,28,3.1,89.2,1.5,4,7,1,0,-6.79289579186109,-5.91869629347989,-3.08571463636689,-0.136348746261608,,
106,O=C(Nc1ccc2c(nc(n2C)C(C)C)c1)c3c4c([nH]n3)-c5cc(OC)c(OC)cc5C4,431.5,32,4.3,94.1,2.5,5,8,2,0,-10.1647569295126,-11.1307668332231,-11.691655571405,-0.252562894824009,,
496,Clc1cccc(NC(=O)c2c(OCc3c(onc3C)C)non2)c1C,362.8,25,2.3,103.3,3,5,8,1,0,-8.77004370342534,-6.99637413744593,-0.853606944423143,-0.0930468267157374,,
258,O=C(Nc1cc(OC)c(OC)c(OC)c1)c2c(OCc3c(onc3C)C)non2,404.4,29,1.4,131,4.5,8,11,1,1,-18.3611020334226,-14.9563952129897,-4.29681769579731,-0.159084581298513,,
446,O=C(Nc1c(C)ccc(c1)C)c2c(OCc3c(noc3C)C)non2,342.4,25,2,103.3,3,5,8,1,0,-7.74318346790918,-6.77582983273497,0.402552813796357,-0.107593321173459,,
142,O=C(Nc1ccc2c(OCO2)c1)c3c(OCc4c(noc4C)C)non3,358.3,26,1.1,121.7,3,5,10,1,0,-10.6392852132364,-12.5651959541569,2.36936456951705,-0.0510716995850085,,
300,O=C(Nc1cccc(OC)c1)c2c(OCc3cnnn3Cc4ccccc4)non2,406.4,30,2,117.2,5.5,8,10,1,0,-13.3825812785546,-13.9112435255721,-6.00502455502891,-0.184801857210384,,
716,O=C(Nc1cccc(OCCC)c1)c2c3Cc4cc(OC)c(OC)cc4-c3n(n2)C,407.5,30,4,74.6,4,7,7,1,0,-8.27471000268166,-5.72002503434521,-9.43400134553027,-0.259271493004282,,
770,O=C(Nc1ccc2c[nH]nc2c1)c3cc(n(n3)-c4ccccc4)-c5cccc([N+]([O-])=O)c5,424.4,32,4.6,121.4,1,5,9,2,0,-15.0245037592057,-12.3628568198498,-9.53820999819838,-0.254601566994053,,
204,O=C(Nc1ccc2c(nc(n2C)CCc3ccccc3)c1)c4c5c([nH]n4)-c6cc(OC)c(OC)cc6C5,493.6,37,4.9,94.1,4.5,7,8,2,0,-13.2473799852907,-15.0141780363376,-18.7709617758568,-0.309141571325533,,
274,O=C(NCCC[NH+](C)C)c1c2ccccn2c(n1)-c3c(C)cc(OC)c(c3)C,381.5,28,3.3,60.1,4.8,7,6,2,0,-4.03818473100319,-2.61837646144188,-9.63610204280247,-0.241189692249786,,
334,O=C(Nc1ccc2c(nc(n2C)C(C)C)c1)c3cc([nH]n3)-c4c(nn(c4C)C)C,391.5,29,3.7,93.4,1.6,4,8,2,0,-8.67715958939792,-8.72714851632986,-6.65223251496193,-0.206526313691004,,
114,O=C(Nc1ccc2c(nc[nH]2)c1)c3c(OCc4c(noc4C)C)non3,354.3,26,1.2,132,3,5,10,2,0,-12.0137976094395,-13.8798064711437,0.141927521792161,-0.0473401047221837,,
360,O=C(Nc1ccc2c(ncn2CC[NH+](C)C)c1)c3c4c([nH]n3)-c5cc(OC)c(OC)cc5C4,447.5,33,3.2,98.5,4.5,7,9,3,0,-11.2059826103704,-14.8705487195276,-14.2258492660462,-0.235682433433204,,
386,Clc1c(n(nc1C(=O)Nc2ccc3c[nH]nc3c2)-c4ccc([N+]([O-])=O)cc4)C,396.8,28,3.9,121.4,1,4,9,2,0,-13.356950597227,-10.6908791091254,-4.95370073243044,-0.177226796778707,,
552,O=C(Nc1ccncc1[N+]([O-])=O)C=2C(=O)C=C(N(N2)c3cc(cc(c3)C)C)C,379.4,28,2.8,120.5,1,4,9,1,0,-11.9342614934207,-10.5471045315517,-0.772868706800429,-0.112150044355562,,
388,Clc1c(nn(c1CC)-c2ccc([N+]([O-])=O)cc2)C(=O)Nc3ccc4c[nH]nc4c3,410.8,29,4.2,121.4,2,5,9,2,0,-13.9389751660376,-11.091549545323,-7.81665329412657,-0.219707609021506,,
340,O=C(NCCC[NH+](C)C)c1c2ccccn2c(n1)Cc3ccc(OC)c(OC)c3,397.5,29,2.6,69.3,7.3,9,7,2,0,-6.13639055031092,-6.93352063332539,-11.4146888583614,-0.236760297312071,,
780,O=C(Nc1ccc2c(nc(n2CCc3ccccc3)C)c1)c4cc([nH]n4)-c5c(nn(c5C)CC)C,467.6,35,5.1,93.4,4.6,7,8,2,1,-13.5976165092962,-10.3868522084621,-17.9267759199353,-0.3912079708228,,
484,O=C(Nc1ccccc1C(OCCOCC)=O)c2c3c([nH]n2)-c4cc(OC)c(OC)cc4C3,451.5,33,3.4,111.8,5.8,9,9,2,0,-15.3862638682775,-14.3481021406054,-13.9225139124758,-0.266160631158056,,
238,O=C(Nc1ccccc1C(OCCOCC)=O)c2c3Cc4cc(OC)c(OC)cc4-c3n(n2)C,465.5,34,3.5,100.9,5.8,9,9,1,0,-15.4682697379708,-13.8224641079568,-12.4825021686885,-0.26346096811664,,
120,O=C(Nc1ccc2c(nc(n2CCc3ccccc3)C)c1)c4c5c([nH]n4)-c6ccc(OC)cc6CC5,477.6,36,5.3,84.8,4.2,6,7,2,1,-11.4053298788119,-9.88755372869855,-18.7942029549627,-0.363395394374403,,
774,Clc1cc(N2C(=CC(=O)C(=N2)C(=O)Nc3ccncc3[N+]([O-])=O)C)ccc1C,399.8,28,3.2,120.5,1,4,9,1,0,-13.7114377895612,-11.481563586414,-2.1003347725482,-0.0873370424700428,,
560,O=C(Nc1ccc2c(nc([nH]2)C(C)C)c1)c3c4c([nH]n3)-c5cc(OC)c(OC)cc5C4,417.5,31,4.3,104.9,2.5,5,8,3,0,-10.5310677519108,-10.7949971490662,-11.3099019288922,-0.254596105080933,,
494,O=C(Nc1cccc(c1C)C)c2c(OCc3c(noc3C)C)non2,342.4,25,2,103.3,3,5,8,1,0,-7.68364316632707,-6.99535823352946,0.608537721692412,-0.0882956085966976,,
42,O=C(Nc1cccc(OC)c1)c2c(OCc3c(onc3C)C)non2,344.3,25,1.4,112.5,3.5,6,9,1,0,-10.1431817911578,-9.07042524172883,1.263561661055,-0.0717829943670882,,
226,O=C(Nc1ccccc1C(OCC)=O)c2c3Cc4cc(OC)c(OC)cc4-c3n(n2)C,421.5,31,3.4,91.7,2.8,6,8,1,0,-10.4191585536921,-9.78994390296373,-7.86577921239872,-0.212627815267429,,
592,O=C1C(=NN(c2ccccc2OC)C(C)=C1)C(=O)Nc3ccncc3[N+]([O-])=O,381.3,28,2.2,129.7,1.5,5,10,1,0,-13.3344973548199,-12.9520894120827,-1.0129314876706,-0.0945870590935667,,
36,O=C(Nc1ccncc1)c2cc([nH]n2)-c3c(n(nc3C)C)C,296.3,22,2.1,88.5,0.6,3,7,2,0,-2.26757969678636,-2.18162435243654,3.31210178411165,-0.110259635732935,,
178,O=C(Nc1ccc2c(nc(n2C)CCc3ccccc3)c1)c4c5c([nH]n4)-c6cccc(OC)c6CC5,477.6,36,5.1,84.8,4.2,6,7,2,1,-12.0848931717449,-10.1199166305026,-19.7166729525309,-0.363251677710393,,
362,Clc1c(nn(c1CC)-c2ccc([N+]([O-])=O)cc2)C(=O)NCc3cnccc3,385.8,27,3.3,105.6,3.8,6,8,1,0,-11.5763830258663,-7.53216641349729,-4.73870782470592,-0.184274962832142,,
420,O=C(Nc1ccccc1C(OC)=O)c2c3ccccn3c(n2)C(=O)NCc4cnccc4,429.4,32,2.7,114.7,3,6,9,2,0,-12.8852143093482,-14.9360357319984,-9.11138634307033,-0.155506424492561,,
468,O=C(Nc1ccc2c(nc([nH]2)CC)c1)c3c4c([nH]n3)-c5cccc(OC)c5CC4,387.4,29,3.9,95.7,2.2,4,7,3,0,-7.87273149948882,-7.70873572265552,-9.05937833042921,-0.218614928231433,,
322,O=C(Nc1ccc2c(ncn2CC[NH+](C)C)c1)c3c4c([nH]n3)-c5ccc(OC)cc5CC4,431.5,32,3.3,89.3,4.2,6,8,3,0,-8.22520360553012,-12.0471996772125,-13.8928164243098,-0.221934905925061,,
168,O=C(Nc1ccc2c(nc(n2CCc3ccccc3)C)c1)c4c5c([nH]n4)-c6cc(OC)c(OC)cc6C5,493.6,37,5.2,94.1,4.5,7,8,2,1,-14.4134597542482,-12.7454958345351,-20.5816967049804,-0.397551622647768,,
736,O=C(Nc1ccccc1C(OCCOCC)=O)c2c[nH]nc2-c3cc(c(cc3C)C)C,421.5,31,4.4,93.3,4.8,8,7,2,0,-11.6261053368014,-6.96524607749659,-12.5300316815003,-0.310578330552512,,
616,O=C(NCCC[NH+](C)C)c1c2ccccn2c(n1)CCc3cccc(OC)c3,381.5,28,2.8,60.1,7.8,9,6,2,0,-3.791999885142,-3.25839318684809,-11.7528084176635,-0.261909309599259,,
474,O=C(Nc1ccccc1C(OC)=O)c2nc(c3ccccn23)C(=O)NCc4cnccc4,429.4,32,2.7,114.7,3,6,9,2,0,-13.0547677585545,-15.8115617965726,-8.72516471240859,-0.171561979470895,,
96,O=C(NCCc1nc2ccccc2[nH]1)c3c4Cc5cc(OC)c(OC)cc5-c4n(n3)C,417.5,31,2.9,94.1,4.3,6,8,2,0,-9.15460003608634,-11.7813335976928,-10.3738133796526,-0.194151511707345,,
206,O=C(Nc1cc(NC(=O)C)ccc1C)c2c(OCc3c(onc3C)C)non2,385.4,28,1.6,132.4,3.3,6,10,2,0,-13.8167714624174,-15.3480472065002,-2.94709718357752,-0.0824860223591382,,
280,O=C(NCCC[NH+](C)C)c1c2ccccn2c(n1)-c3ccc4c(OC(=O)N4C)c3,394.5,29,2.6,80.4,4.8,6,8,2,0,-6.03896931186773,-8.75106998724466,-8.98636437644397,-0.176622438916759,,
554,O=C(Nc1ccccc1C#N)c2c3ccccn3c(n2)C(=O)NCc4cnccc4,396.4,30,2.8,112.2,2.8,5,8,2,0,-10.0372663861945,-11.6236153607727,-6.73523763345684,-0.161902645657451,,
272,O=C(NCCC[NH+](C)C)c1c2ccccn2c(n1)-c3c(cc(OCC)c(c3)C)C,395.5,29,3.7,60.1,5.8,8,6,2,0,-5.32551189230922,-2.93693991607424,-11.991324954051,-0.285318077790087,,
384,Clc1c(nn(c1C(C)C)-c2ccc([N+]([O-])=O)cc2)C(=O)Nc3ccc4c[nH]nc4c3,424.8,30,4.7,121.4,2,5,9,2,0,-15.1311716680931,-11.7764119755675,-9.12299396583962,-0.241935224847402,,
694,O=C(NCCC[NH+](C)C)c1c2ccccn2c(n1)-c3ccc(OC)cc3OC,383.5,28,2.7,69.3,5.3,8,7,2,0,-6.0699393066203,-5.53998354882152,-9.08949285602245,-0.211281565168678,,
132,O=C(Nc1ccc(OCC)c(OCC)c1)c2c(OCc3c(onc3C)C)non2,402.4,29,2.2,121.7,6,9,10,1,0,-15.4664107454818,-13.0619935302713,-5.66781407609063,-0.182170904540222,,
336,O=C(Nc1ccc2c(nc(n2C)C(C)C)c1)c3cc([nH]n3)-c4c(nn(c4C)CC)C,405.5,30,4.2,93.4,2.6,5,8,2,0,-9.96503556251347,-8.65941345931243,-9.31372613918305,-0.262635382119217,,
128,O=C(NCc1cnccc1)c2c[nH]nc2-c3ccc(OC)c(OC)c3,338.4,25,2.4,89.1,3.3,6,7,2,0,-5.68001403717735,-4.67415012734248,-3.10569286598028,-0.141337869055176,,
66,O=C(Nc1cc(OC)cc(OC)c1)c2c(OCc3c(onc3C)C)non2,374.4,27,1.4,121.7,4,7,10,1,0,-13.292388806442,-12.9238555305422,-1.45708554632618,-0.10061628572742,,
456,O=C(Nc1ccc2c(ncn2CC[NH+](C)C)c1)c3cc([nH]n3)-c4c(nn(c4C)C)C,407.5,30,2.6,97.9,3.6,6,9,3,0,-9.37264697340824,-12.4257112431953,-9.71376607456957,-0.180822672047659,,
8,O=C(NCCC[NH+](C)C)c1c2Cc3cc(OC)c(OC)cc3-c2n(n1)C,359.4,26,1.7,69.8,5.3,7,7,2,0,-3.45421802316826,-5.38099205242778,-6.0331352967884,-0.153599765242229,,
38,O=C(Nc1cccc(N(C)C)c1)c2c(OCc3c(noc3C)C)non2,357.4,26,1.4,106.5,3.3,6,9,1,0,-8.93916219412701,-9.95547348276113,-0.307464226529713,-0.0779989898313587,,
74,O=C(NCCC[NH+](C)C)c1c(OCc2cnnn2Cc3ccccc3)non1,386.4,28,0.4,112.4,8.8,10,10,2,0,-11.4323341505262,-14.9046150317489,-6.36722029264118,-0.131996559495065,,
504,O=C(Nc1ccccc1C(OC)=O)c2nc(c3ccccn23)C(=O)NCCC[NH+](C)C,424.5,31,2.1,106.2,5,8,9,3,0,-11.7734339268191,-14.6649962749431,-11.1844716617328,-0.176894675434026,,
584,Clc1cc2COCOc2c(COc3c(non3)C(=O)NCCC[NH+](C)C)c1,397.8,27,1.3,100.2,7.2,8,9,2,0,-10.5536805004848,-11.9521373161624,-7.28697888166567,-0.109275579710058,,
734,O=C(Nc1cccc(OC)c1)c2c3ccccn3c(n2)C(=O)NCc4cnccc4,401.4,30,2.9,97.6,3.3,6,8,2,0,-9.44572530311739,-10.6605999708192,-7.56126586824891,-0.168707333654535,,
104,O=C(NCCC[NH+](C)C)c1c[nH]nc1-c2ccc(OC)cc2OC,333.4,24,1.8,80.7,5.3,8,7,3,0,-3.92859968989606,-3.65196908461854,-5.25225183201881,-0.203532136313522,,
44,O=C(NCc1cnccc1)c2c(OCc3c(onc3C)C)non2,329.3,24,0.4,116.2,4.8,6,9,1,0,-8.15788663174256,-10.1429831314085,2.48254086663076,-0.0477124421925061,,
368,O=C(NCCC[NH+](C)C)c1c2ccccn2c(n1)-c3cc(c(cc3OC)C)C,381.5,28,3.3,60.1,4.8,7,6,2,0,-4.64818222422959,-3.25042672515713,-9.98466052175729,-0.24720615170824,,
34,O=C(Nc1ccncc1)c2cc([nH]n2)-c3c(nn(c3C)CC)C,310.4,23,2.6,88.5,1.6,4,7,2,0,-4.07989411467428,-1.77620137675385,0.838352425808846,-0.139110002476922,,
790,O=C(Nc1ccccc1C#N)c2nc(c3ccccn23)C(=O)NCCC[NH+](C)C,391.5,29,2.1,103.7,4.8,7,8,3,0,-8.93791525567474,-11.1034197364499,-9.29501500865765,-0.176230819960052,,
88,O=C(NCCC[NH+](C)C)c1c[nH]nc1-c2cc(c(cc2C)C)C,315.4,23,2.7,62.2,4.3,6,5,3,0,0.0697923962238463,1.5836246908461,-4.82143209737224,-0.1952168662848,,
782,O=C(Nc1ccc2c(nc(n2CCc3ccccc3)C)c1)c4cc([nH]n4)-c5c(nn(c5C)C)C,453.5,34,4.6,93.4,3.6,6,8,2,0,-11.2128375763943,-11.5108332510317,-14.5142346319322,-0.285638616155655,,
506,O=C(Nc1ccccc1C(OCC)=O)c2nc(c3ccccn23)C(=O)NCCC[NH+](C)C,438.5,32,2.4,106.2,6,9,9,3,0,-13.5157555194649,-15.1079796906431,-13.4391437335035,-0.234968394264689,,
160,O=C(Nc1ccc2c(nc(n2CCc3ccccc3)C)c1)c4c5c([nH]n4)-c6cccc(OC)c6CC5,477.6,36,5.3,84.8,4.2,6,7,2,1,-12.4404948363882,-10.1296126603069,-19.1244730794861,-0.371820806382969,,
540,O=C(NCCC[NH+](C)C)c1c2ccccn2c(n1)-c3c(OC)ccc(OC)c3,383.5,28,2.7,69.3,5.3,8,7,2,0,-5.65590408872492,-5.51456597748718,-9.68574051755327,-0.239682319930959,,
30,O=C(NCCC[NH+](C)C)c1c(OCc2c(onc2C)C)non1,324.4,23,-0.2,107.7,6.8,8,9,2,0,-7.13744643903132,-9.12880795913144,0.428271332688686,-0.0289527999024639,,
458,O=C(Nc1ccc2c(ncn2CC[NH+](C)C)c1)c3cc([nH]n3)-c4c(nn(c4C)CC)C,421.5,31,3.1,97.9,4.6,7,9,3,0,-10.7842174235504,-12.8170128780183,-12.1684540732165,-0.220645427890948,,
28,O=C(NCCC[NH+](CC)CC)c1c(OCc2c(onc2C)C)non1,352.4,25,0.6,107.7,8.8,10,9,2,0,-9.85390965715429,-9.75277552055102,-3.96010542069963,-0.100337363563227,,
90,O=C(NCCC[NH+](CC)CC)c1c[nH]nc1-c2cc(c(cc2C)C)C,343.5,25,3.5,62.2,6.3,8,5,3,0,-2.20574221510231,1.04370444722136,-10.6531327390586,-0.274884916929388,,
522,O=C(NCCC[NH+](C)C)c1nc(c2ccccn12)C(=O)Nc3cccc(OC)c3,396.5,29,2.3,89.2,5.3,8,8,3,0,-8.07653596009667,-9.90461486419078,-10.2494075584735,-0.208217614062344,,
514,O=C(Nc1cccc(OC)c1)c2nc(c3ccccn23)C(=O)NCCC[NH+](C)C,396.5,29,2.3,89.2,5.3,8,8,3,0,-8.62385289559525,-10.1320625545336,-10.5637885354214,-0.20316295756238,,
10,O=C(NCCC[NH+](CC)CC)c1c2Cc3cc(OC)c(OC)cc3-c2n(n1)C,387.5,28,2.5,69.8,7.3,9,7,2,0,-5.65713769625068,-5.40785821383005,-10.2200698347477,-0.235629123629814,,
582,Clc1cc2COCOc2c(COc3c(non3)C(=O)NCCC[NH+](CC)CC)c1,425.9,29,2.1,100.2,9.2,10,9,2,0,-12.9520651357101,-12.2745373655262,-12.0556512595177,-0.192863124173431,,
72,O=C(NCCC[NH+](CC)CC)c1c(OCc2cnnn2Cc3ccccc3)non1,414.5,30,1.2,112.4,10.8,12,10,2,0,-13.7992974273192,-15.1275488585262,-10.6441193377723,-0.216656627737891,,
102,O=C(NCCC[NH+](CC)CC)c1c[nH]nc1-c2ccc(OC)cc2OC,361.5,26,2.6,80.7,7.3,10,7,3,0,-7.15550310242422,-3.64029937539532,-10.3195176607577,-0.265411954251533,,
148,O=C(NCCC[NH+](CC)CC)c1c[nH]nc1-c2ccc(OC)c(OC)c2,361.5,26,2.6,80.7,7.3,10,7,3,0,-6.23574720083263,-3.5659818393269,-10.5740635475967,-0.2477096678428,,
642,O=C1c2ccc(OC)cc2OC(=C1c3ccc(OC)c(OC)c3)C(=O)NCCC[NH+](CC)CC,469.6,34,3.5,87.5,7.9,11,8,2,0,-13.5436984752041,-11.8194040110177,-18.1585021157035,-0.304053068555698,,
644,O=C1c2ccc(OCC)cc2OC(=C1c3ccc(OC)c(OC)c3)C(=O)NCCC[NH+](CC)CC,483.6,35,3.9,87.5,8.9,12,8,2,0,-13.9379642793656,-12.7997466504076,-20.1617234861253,-0.337518355077505,,
600,O=C(NCCC[NH+](C)C)c1nc(c2ccccn12)C(=O)Nc3ccccc3C(OC)=O,424.5,31,2.1,106.2,5,8,9,3,0,-11.9020408651546,-14.8837277465996,-11.1395562873211,-0.18188605693574,,
598,O=C(NCCC[NH+](C)C)c1nc(c2ccccn12)C(=O)Nc3ccccc3C(OCC)=O,438.5,32,2.4,106.2,6,9,9,3,0,-13.0819022223003,-15.1266678674557,-13.8593636663657,-0.212757190210514,,
174,O=C(Nc1ccc2c(nc(n2C)CCc3ccccc3)c1)c4c5c([nH]n4)-c6ccc(OC)cc6CC5,477.6,36,5.1,84.8,4.2,6,7,2,1,-11.4826867349497,-10.2921332178602,-18.586366423693,-0.340095322105481,,
